audit,count,course_id,created,credit,cumulative_count,date,honor,masters,professional,verified
7,7,course-v1:ColumbiaX+CPC+1T2022,2024-04-18T091420,0,7,2021-06-16,0,0,0,0
7,7,course-v1:ColumbiaX+CPC+1T2022,2024-04-18T091420,0,7,2021-06-17,0,0,0,0
7,7,course-v1:ColumbiaX+CPC+1T2022,2024-04-18T091420,0,7,2021-06-18,0,0,0,0
7,7,course-v1:ColumbiaX+CPC+1T2022,2024-04-18T091420,0,7,2021-06-19,0,0,0,0
7,7,course-v1:ColumbiaX+CPC+1T2022,2024-04-18T091420,0,7,2021-06-20,0,0,0,0
7,7,course-v1:ColumbiaX+CPC+1T2022,2024-04-18T091420,0,7,2021-06-21,0,0,0,0
7,7,course-v1:ColumbiaX+CPC+1T2022,2024-04-18T091420,0,7,2021-06-22,0,0,0,0
7,7,course-v1:ColumbiaX+CPC+1T2022,2024-04-18T091420,0,7,2021-06-23,0,0,0,0
7,7,course-v1:ColumbiaX+CPC+1T2022,2024-04-18T091420,0,7,2021-06-24,0,0,0,0
7,7,course-v1:ColumbiaX+CPC+1T2022,2024-04-18T091420,0,7,2021-06-25,0,0,0,0
7,7,course-v1:ColumbiaX+CPC+1T2022,2024-04-18T091420,0,7,2021-06-26,0,0,0,0
7,7,course-v1:ColumbiaX+CPC+1T2022,2024-04-18T091420,0,7,2021-06-27,0,0,0,0
7,7,course-v1:ColumbiaX+CPC+1T2022,2024-04-18T091420,0,7,2021-06-28,0,0,0,0
7,7,course-v1:ColumbiaX+CPC+1T2022,2024-04-18T091420,0,7,2021-06-29,0,0,0,0
7,7,course-v1:ColumbiaX+CPC+1T2022,2024-04-18T091420,0,7,2021-06-30,0,0,0,0
7,7,course-v1:ColumbiaX+CPC+1T2022,2024-04-18T091420,0,7,2021-07-01,0,0,0,0
7,7,course-v1:ColumbiaX+CPC+1T2022,2024-04-18T091420,0,7,2021-07-02,0,0,0,0
7,7,course-v1:ColumbiaX+CPC+1T2022,2024-04-18T091420,0,7,2021-07-03,0,0,0,0
7,7,course-v1:ColumbiaX+CPC+1T2022,2024-04-18T091420,0,7,2021-07-04,0,0,0,0
7,7,course-v1:ColumbiaX+CPC+1T2022,2024-04-18T091420,0,7,2021-07-05,0,0,0,0
7,7,course-v1:ColumbiaX+CPC+1T2022,2024-04-18T091420,0,7,2021-07-06,0,0,0,0
7,7,course-v1:ColumbiaX+CPC+1T2022,2024-04-18T091420,0,7,2021-07-07,0,0,0,0
7,7,course-v1:ColumbiaX+CPC+1T2022,2024-04-18T091420,0,7,2021-07-08,0,0,0,0
7,7,course-v1:ColumbiaX+CPC+1T2022,2024-04-18T091420,0,7,2021-07-09,0,0,0,0
7,7,course-v1:ColumbiaX+CPC+1T2022,2024-04-18T091420,0,7,2021-07-10,0,0,0,0
7,7,course-v1:ColumbiaX+CPC+1T2022,2024-04-18T091420,0,7,2021-07-11,0,0,0,0
7,7,course-v1:ColumbiaX+CPC+1T2022,2024-04-18T091420,0,7,2021-07-12,0,0,0,0
7,7,course-v1:ColumbiaX+CPC+1T2022,2024-04-18T091420,0,7,2021-07-13,0,0,0,0
7,7,course-v1:ColumbiaX+CPC+1T2022,2024-04-18T091420,0,7,2021-07-14,0,0,0,0
7,7,course-v1:ColumbiaX+CPC+1T2022,2024-04-18T091420,0,7,2021-07-15,0,0,0,0
7,7,course-v1:ColumbiaX+CPC+1T2022,2024-04-18T091420,0,7,2021-07-16,0,0,0,0
7,7,course-v1:ColumbiaX+CPC+1T2022,2024-04-18T091420,0,7,2021-07-17,0,0,0,0
7,7,course-v1:ColumbiaX+CPC+1T2022,2024-04-18T091420,0,7,2021-07-18,0,0,0,0
7,7,course-v1:ColumbiaX+CPC+1T2022,2024-04-18T091420,0,7,2021-07-19,0,0,0,0
7,7,course-v1:ColumbiaX+CPC+1T2022,2024-04-18T091420,0,7,2021-07-20,0,0,0,0
7,7,course-v1:ColumbiaX+CPC+1T2022,2024-04-18T091420,0,7,2021-07-21,0,0,0,0
7,7,course-v1:ColumbiaX+CPC+1T2022,2024-04-18T091420,0,7,2021-07-22,0,0,0,0
7,7,course-v1:ColumbiaX+CPC+1T2022,2024-04-18T091420,0,7,2021-07-23,0,0,0,0
7,7,course-v1:ColumbiaX+CPC+1T2022,2024-04-18T091420,0,7,2021-07-24,0,0,0,0
7,7,course-v1:ColumbiaX+CPC+1T2022,2024-04-18T091420,0,7,2021-07-25,0,0,0,0
7,7,course-v1:ColumbiaX+CPC+1T2022,2024-04-18T091420,0,7,2021-07-26,0,0,0,0
7,7,course-v1:ColumbiaX+CPC+1T2022,2024-04-18T091420,0,7,2021-07-27,0,0,0,0
7,7,course-v1:ColumbiaX+CPC+1T2022,2024-04-18T091420,0,7,2021-07-28,0,0,0,0
7,7,course-v1:ColumbiaX+CPC+1T2022,2024-04-18T091420,0,7,2021-07-29,0,0,0,0
7,7,course-v1:ColumbiaX+CPC+1T2022,2024-04-18T091420,0,7,2021-07-30,0,0,0,0
7,7,course-v1:ColumbiaX+CPC+1T2022,2024-04-18T091420,0,7,2021-07-31,0,0,0,0
7,7,course-v1:ColumbiaX+CPC+1T2022,2024-04-18T091420,0,7,2021-08-01,0,0,0,0
7,7,course-v1:ColumbiaX+CPC+1T2022,2024-04-18T091420,0,7,2021-08-02,0,0,0,0
7,7,course-v1:ColumbiaX+CPC+1T2022,2024-04-18T091420,0,7,2021-08-03,0,0,0,0
7,7,course-v1:ColumbiaX+CPC+1T2022,2024-04-18T091420,0,7,2021-08-04,0,0,0,0
7,7,course-v1:ColumbiaX+CPC+1T2022,2024-04-18T091420,0,7,2021-08-05,0,0,0,0
7,7,course-v1:ColumbiaX+CPC+1T2022,2024-04-18T091420,0,7,2021-08-06,0,0,0,0
7,7,course-v1:ColumbiaX+CPC+1T2022,2024-04-18T091420,0,7,2021-08-07,0,0,0,0
7,7,course-v1:ColumbiaX+CPC+1T2022,2024-04-18T091420,0,7,2021-08-08,0,0,0,0
7,7,course-v1:ColumbiaX+CPC+1T2022,2024-04-18T091420,0,7,2021-08-09,0,0,0,0
7,7,course-v1:ColumbiaX+CPC+1T2022,2024-04-18T091420,0,7,2021-08-10,0,0,0,0
7,7,course-v1:ColumbiaX+CPC+1T2022,2024-04-18T091420,0,7,2021-08-11,0,0,0,0
7,7,course-v1:ColumbiaX+CPC+1T2022,2024-04-18T091420,0,7,2021-08-12,0,0,0,0
7,7,course-v1:ColumbiaX+CPC+1T2022,2024-04-18T091420,0,7,2021-08-13,0,0,0,0
7,7,course-v1:ColumbiaX+CPC+1T2022,2024-04-18T091420,0,7,2021-08-14,0,0,0,0
7,7,course-v1:ColumbiaX+CPC+1T2022,2024-04-18T091420,0,7,2021-08-15,0,0,0,0
7,7,course-v1:ColumbiaX+CPC+1T2022,2024-04-18T091420,0,7,2021-08-16,0,0,0,0
7,7,course-v1:ColumbiaX+CPC+1T2022,2024-04-18T091420,0,7,2021-08-17,0,0,0,0
7,7,course-v1:ColumbiaX+CPC+1T2022,2024-04-18T091420,0,7,2021-08-18,0,0,0,0
7,7,course-v1:ColumbiaX+CPC+1T2022,2024-04-18T091420,0,7,2021-08-19,0,0,0,0
7,7,course-v1:ColumbiaX+CPC+1T2022,2024-04-18T091420,0,7,2021-08-20,0,0,0,0
7,7,course-v1:ColumbiaX+CPC+1T2022,2024-04-18T091420,0,7,2021-08-21,0,0,0,0
7,7,course-v1:ColumbiaX+CPC+1T2022,2024-04-18T091420,0,7,2021-08-22,0,0,0,0
7,7,course-v1:ColumbiaX+CPC+1T2022,2024-04-18T091420,0,7,2021-08-23,0,0,0,0
7,7,course-v1:ColumbiaX+CPC+1T2022,2024-04-18T091420,0,7,2021-08-24,0,0,0,0
7,7,course-v1:ColumbiaX+CPC+1T2022,2024-04-18T091420,0,7,2021-08-25,0,0,0,0
7,7,course-v1:ColumbiaX+CPC+1T2022,2024-04-18T091420,0,7,2021-08-26,0,0,0,0
7,7,course-v1:ColumbiaX+CPC+1T2022,2024-04-18T091420,0,7,2021-08-27,0,0,0,0
7,7,course-v1:ColumbiaX+CPC+1T2022,2024-04-18T091420,0,7,2021-08-28,0,0,0,0
7,7,course-v1:ColumbiaX+CPC+1T2022,2024-04-18T091420,0,7,2021-08-29,0,0,0,0
7,7,course-v1:ColumbiaX+CPC+1T2022,2024-04-18T091420,0,7,2021-08-30,0,0,0,0
7,7,course-v1:ColumbiaX+CPC+1T2022,2024-04-18T091420,0,7,2021-08-31,0,0,0,0
7,7,course-v1:ColumbiaX+CPC+1T2022,2024-04-18T091420,0,7,2021-09-01,0,0,0,0
7,7,course-v1:ColumbiaX+CPC+1T2022,2024-04-18T091420,0,7,2021-09-02,0,0,0,0
7,7,course-v1:ColumbiaX+CPC+1T2022,2024-04-18T091420,0,7,2021-09-03,0,0,0,0
7,7,course-v1:ColumbiaX+CPC+1T2022,2024-04-18T091420,0,7,2021-09-04,0,0,0,0
7,7,course-v1:ColumbiaX+CPC+1T2022,2024-04-18T091420,0,7,2021-09-05,0,0,0,0
7,7,course-v1:ColumbiaX+CPC+1T2022,2024-04-18T091420,0,7,2021-09-06,0,0,0,0
7,7,course-v1:ColumbiaX+CPC+1T2022,2024-04-18T091420,0,7,2021-09-07,0,0,0,0
7,7,course-v1:ColumbiaX+CPC+1T2022,2024-04-18T091420,0,7,2021-09-08,0,0,0,0
7,7,course-v1:ColumbiaX+CPC+1T2022,2024-04-18T091420,0,7,2021-09-09,0,0,0,0
7,7,course-v1:ColumbiaX+CPC+1T2022,2024-04-18T091420,0,7,2021-09-10,0,0,0,0
7,7,course-v1:ColumbiaX+CPC+1T2022,2024-04-18T091420,0,7,2021-09-11,0,0,0,0
7,7,course-v1:ColumbiaX+CPC+1T2022,2024-04-18T091420,0,7,2021-09-12,0,0,0,0
7,7,course-v1:ColumbiaX+CPC+1T2022,2024-04-18T091420,0,7,2021-09-13,0,0,0,0
7,7,course-v1:ColumbiaX+CPC+1T2022,2024-04-18T091420,0,7,2021-09-14,0,0,0,0
7,7,course-v1:ColumbiaX+CPC+1T2022,2024-04-18T091420,0,7,2021-09-15,0,0,0,0
7,7,course-v1:ColumbiaX+CPC+1T2022,2024-04-18T091420,0,7,2021-09-16,0,0,0,0
7,7,course-v1:ColumbiaX+CPC+1T2022,2024-04-18T091420,0,7,2021-09-17,0,0,0,0
7,7,course-v1:ColumbiaX+CPC+1T2022,2024-04-18T091420,0,7,2021-09-18,0,0,0,0
7,7,course-v1:ColumbiaX+CPC+1T2022,2024-04-18T091420,0,7,2021-09-19,0,0,0,0
7,7,course-v1:ColumbiaX+CPC+1T2022,2024-04-18T091420,0,7,2021-09-20,0,0,0,0
7,7,course-v1:ColumbiaX+CPC+1T2022,2024-04-18T091420,0,7,2021-09-21,0,0,0,0
7,7,course-v1:ColumbiaX+CPC+1T2022,2024-04-18T091420,0,7,2021-09-22,0,0,0,0
7,7,course-v1:ColumbiaX+CPC+1T2022,2024-04-18T091420,0,7,2021-09-23,0,0,0,0
7,7,course-v1:ColumbiaX+CPC+1T2022,2024-04-18T091420,0,7,2021-09-24,0,0,0,0
7,7,course-v1:ColumbiaX+CPC+1T2022,2024-04-18T091420,0,7,2021-09-25,0,0,0,0
7,7,course-v1:ColumbiaX+CPC+1T2022,2024-04-18T091420,0,7,2021-09-26,0,0,0,0
7,7,course-v1:ColumbiaX+CPC+1T2022,2024-04-18T091420,0,7,2021-09-27,0,0,0,0
7,7,course-v1:ColumbiaX+CPC+1T2022,2024-04-18T091420,0,7,2021-09-28,0,0,0,0
7,7,course-v1:ColumbiaX+CPC+1T2022,2024-04-18T091420,0,7,2021-09-29,0,0,0,0
7,7,course-v1:ColumbiaX+CPC+1T2022,2024-04-18T091420,0,7,2021-09-30,0,0,0,0
7,7,course-v1:ColumbiaX+CPC+1T2022,2024-04-18T091420,0,7,2021-10-01,0,0,0,0
7,7,course-v1:ColumbiaX+CPC+1T2022,2024-04-18T091420,0,7,2021-10-02,0,0,0,0
7,7,course-v1:ColumbiaX+CPC+1T2022,2024-04-18T091420,0,7,2021-10-03,0,0,0,0
7,7,course-v1:ColumbiaX+CPC+1T2022,2024-04-18T091420,0,7,2021-10-04,0,0,0,0
7,7,course-v1:ColumbiaX+CPC+1T2022,2024-04-18T091420,0,7,2021-10-05,0,0,0,0
7,7,course-v1:ColumbiaX+CPC+1T2022,2024-04-18T091420,0,7,2021-10-06,0,0,0,0
7,7,course-v1:ColumbiaX+CPC+1T2022,2024-04-18T091420,0,7,2021-10-07,0,0,0,0
7,7,course-v1:ColumbiaX+CPC+1T2022,2024-04-18T091420,0,7,2021-10-08,0,0,0,0
7,7,course-v1:ColumbiaX+CPC+1T2022,2024-04-18T091420,0,7,2021-10-09,0,0,0,0
7,7,course-v1:ColumbiaX+CPC+1T2022,2024-04-18T091420,0,7,2021-10-10,0,0,0,0
7,7,course-v1:ColumbiaX+CPC+1T2022,2024-04-18T091420,0,7,2021-10-11,0,0,0,0
7,7,course-v1:ColumbiaX+CPC+1T2022,2024-04-18T091420,0,7,2021-10-12,0,0,0,0
7,7,course-v1:ColumbiaX+CPC+1T2022,2024-04-18T091420,0,7,2021-10-13,0,0,0,0
7,7,course-v1:ColumbiaX+CPC+1T2022,2024-04-18T091420,0,7,2021-10-14,0,0,0,0
7,7,course-v1:ColumbiaX+CPC+1T2022,2024-04-18T091420,0,7,2021-10-15,0,0,0,0
7,7,course-v1:ColumbiaX+CPC+1T2022,2024-04-18T091420,0,7,2021-10-16,0,0,0,0
7,7,course-v1:ColumbiaX+CPC+1T2022,2024-04-18T091420,0,7,2021-10-17,0,0,0,0
7,7,course-v1:ColumbiaX+CPC+1T2022,2024-04-18T091420,0,7,2021-10-18,0,0,0,0
7,7,course-v1:ColumbiaX+CPC+1T2022,2024-04-18T091420,0,7,2021-10-19,0,0,0,0
7,7,course-v1:ColumbiaX+CPC+1T2022,2024-04-18T091420,0,7,2021-10-20,0,0,0,0
7,7,course-v1:ColumbiaX+CPC+1T2022,2024-04-18T091420,0,7,2021-10-21,0,0,0,0
7,7,course-v1:ColumbiaX+CPC+1T2022,2024-04-18T091420,0,7,2021-10-22,0,0,0,0
7,7,course-v1:ColumbiaX+CPC+1T2022,2024-04-18T091420,0,7,2021-10-23,0,0,0,0
7,7,course-v1:ColumbiaX+CPC+1T2022,2024-04-18T091420,0,7,2021-10-24,0,0,0,0
7,7,course-v1:ColumbiaX+CPC+1T2022,2024-04-18T091420,0,7,2021-10-25,0,0,0,0
7,7,course-v1:ColumbiaX+CPC+1T2022,2024-04-18T091420,0,7,2021-10-26,0,0,0,0
7,7,course-v1:ColumbiaX+CPC+1T2022,2024-04-18T091420,0,7,2021-10-27,0,0,0,0
7,7,course-v1:ColumbiaX+CPC+1T2022,2024-04-18T091420,0,7,2021-10-28,0,0,0,0
7,7,course-v1:ColumbiaX+CPC+1T2022,2024-04-18T091420,0,7,2021-10-29,0,0,0,0
7,7,course-v1:ColumbiaX+CPC+1T2022,2024-04-18T091420,0,7,2021-10-30,0,0,0,0
7,7,course-v1:ColumbiaX+CPC+1T2022,2024-04-18T091420,0,7,2021-10-31,0,0,0,0
7,7,course-v1:ColumbiaX+CPC+1T2022,2024-04-18T091420,0,7,2021-11-01,0,0,0,0
7,7,course-v1:ColumbiaX+CPC+1T2022,2024-04-18T091420,0,7,2021-11-02,0,0,0,0
7,7,course-v1:ColumbiaX+CPC+1T2022,2024-04-18T091420,0,7,2021-11-03,0,0,0,0
7,7,course-v1:ColumbiaX+CPC+1T2022,2024-04-18T091420,0,7,2021-11-04,0,0,0,0
7,7,course-v1:ColumbiaX+CPC+1T2022,2024-04-18T091420,0,7,2021-11-05,0,0,0,0
7,7,course-v1:ColumbiaX+CPC+1T2022,2024-04-18T091420,0,7,2021-11-06,0,0,0,0
7,7,course-v1:ColumbiaX+CPC+1T2022,2024-04-18T091420,0,7,2021-11-07,0,0,0,0
7,7,course-v1:ColumbiaX+CPC+1T2022,2024-04-18T091420,0,7,2021-11-08,0,0,0,0
7,7,course-v1:ColumbiaX+CPC+1T2022,2024-04-18T091420,0,7,2021-11-09,0,0,0,0
7,7,course-v1:ColumbiaX+CPC+1T2022,2024-04-18T091420,0,7,2021-11-10,0,0,0,0
7,7,course-v1:ColumbiaX+CPC+1T2022,2024-04-18T091420,0,7,2021-11-11,0,0,0,0
7,7,course-v1:ColumbiaX+CPC+1T2022,2024-04-18T091420,0,7,2021-11-12,0,0,0,0
7,7,course-v1:ColumbiaX+CPC+1T2022,2024-04-18T091420,0,7,2021-11-13,0,0,0,0
7,7,course-v1:ColumbiaX+CPC+1T2022,2024-04-18T091420,0,7,2021-11-14,0,0,0,0
7,7,course-v1:ColumbiaX+CPC+1T2022,2024-04-18T091420,0,7,2021-11-15,0,0,0,0
7,7,course-v1:ColumbiaX+CPC+1T2022,2024-04-18T091420,0,7,2021-11-16,0,0,0,0
7,7,course-v1:ColumbiaX+CPC+1T2022,2024-04-18T091420,0,7,2021-11-17,0,0,0,0
7,7,course-v1:ColumbiaX+CPC+1T2022,2024-04-18T091420,0,7,2021-11-18,0,0,0,0
7,7,course-v1:ColumbiaX+CPC+1T2022,2024-04-18T091420,0,7,2021-11-19,0,0,0,0
7,7,course-v1:ColumbiaX+CPC+1T2022,2024-04-18T091420,0,7,2021-11-20,0,0,0,0
7,7,course-v1:ColumbiaX+CPC+1T2022,2024-04-18T091420,0,7,2021-11-21,0,0,0,0
7,7,course-v1:ColumbiaX+CPC+1T2022,2024-04-18T091420,0,7,2021-11-22,0,0,0,0
8,8,course-v1:ColumbiaX+CPC+1T2022,2024-04-18T091420,0,8,2021-11-23,0,0,0,0
8,8,course-v1:ColumbiaX+CPC+1T2022,2024-04-18T091420,0,8,2021-11-24,0,0,0,0
8,8,course-v1:ColumbiaX+CPC+1T2022,2024-04-18T091420,0,8,2021-11-25,0,0,0,0
8,8,course-v1:ColumbiaX+CPC+1T2022,2024-04-18T091420,0,8,2021-11-26,0,0,0,0
8,8,course-v1:ColumbiaX+CPC+1T2022,2024-04-18T091420,0,8,2021-11-27,0,0,0,0
8,8,course-v1:ColumbiaX+CPC+1T2022,2024-04-18T091420,0,8,2021-11-28,0,0,0,0
8,8,course-v1:ColumbiaX+CPC+1T2022,2024-04-18T091420,0,8,2021-11-29,0,0,0,0
8,8,course-v1:ColumbiaX+CPC+1T2022,2024-04-18T091420,0,8,2021-11-30,0,0,0,0
8,8,course-v1:ColumbiaX+CPC+1T2022,2024-04-18T091420,0,8,2021-12-01,0,0,0,0
8,8,course-v1:ColumbiaX+CPC+1T2022,2024-04-18T091420,0,8,2021-12-02,0,0,0,0
8,8,course-v1:ColumbiaX+CPC+1T2022,2024-04-18T091420,0,8,2021-12-03,0,0,0,0
8,8,course-v1:ColumbiaX+CPC+1T2022,2024-04-18T091420,0,8,2021-12-04,0,0,0,0
8,8,course-v1:ColumbiaX+CPC+1T2022,2024-04-18T091420,0,8,2021-12-05,0,0,0,0
8,8,course-v1:ColumbiaX+CPC+1T2022,2024-04-18T091420,0,8,2021-12-06,0,0,0,0
8,8,course-v1:ColumbiaX+CPC+1T2022,2024-04-18T091420,0,8,2021-12-07,0,0,0,0
8,8,course-v1:ColumbiaX+CPC+1T2022,2024-04-18T091420,0,8,2021-12-08,0,0,0,0
8,8,course-v1:ColumbiaX+CPC+1T2022,2024-04-18T091420,0,8,2021-12-09,0,0,0,0
8,8,course-v1:ColumbiaX+CPC+1T2022,2024-04-18T091420,0,8,2021-12-10,0,0,0,0
8,8,course-v1:ColumbiaX+CPC+1T2022,2024-04-18T091420,0,8,2021-12-11,0,0,0,0
8,8,course-v1:ColumbiaX+CPC+1T2022,2024-04-18T091420,0,8,2021-12-12,0,0,0,0
9,9,course-v1:ColumbiaX+CPC+1T2022,2024-04-18T091420,0,9,2021-12-13,0,0,0,0
9,9,course-v1:ColumbiaX+CPC+1T2022,2024-04-18T091420,0,9,2021-12-14,0,0,0,0
9,9,course-v1:ColumbiaX+CPC+1T2022,2024-04-18T091420,0,9,2021-12-15,0,0,0,0
9,9,course-v1:ColumbiaX+CPC+1T2022,2024-04-18T091420,0,9,2021-12-16,0,0,0,0
9,9,course-v1:ColumbiaX+CPC+1T2022,2024-04-18T091420,0,9,2021-12-17,0,0,0,0
9,9,course-v1:ColumbiaX+CPC+1T2022,2024-04-18T091420,0,9,2021-12-18,0,0,0,0
9,9,course-v1:ColumbiaX+CPC+1T2022,2024-04-18T091420,0,9,2021-12-19,0,0,0,0
9,9,course-v1:ColumbiaX+CPC+1T2022,2024-04-18T091420,0,9,2021-12-20,0,0,0,0
9,9,course-v1:ColumbiaX+CPC+1T2022,2024-04-18T091420,0,9,2021-12-21,0,0,0,0
9,9,course-v1:ColumbiaX+CPC+1T2022,2024-04-18T091420,0,9,2021-12-22,0,0,0,0
9,9,course-v1:ColumbiaX+CPC+1T2022,2024-04-18T091420,0,9,2021-12-23,0,0,0,0
9,9,course-v1:ColumbiaX+CPC+1T2022,2024-04-18T091420,0,9,2021-12-24,0,0,0,0
9,9,course-v1:ColumbiaX+CPC+1T2022,2024-04-18T091420,0,9,2021-12-25,0,0,0,0
9,9,course-v1:ColumbiaX+CPC+1T2022,2024-04-18T091420,0,9,2021-12-26,0,0,0,0
9,9,course-v1:ColumbiaX+CPC+1T2022,2024-04-18T091420,0,9,2021-12-27,0,0,0,0
9,9,course-v1:ColumbiaX+CPC+1T2022,2024-04-18T091420,0,9,2021-12-28,0,0,0,0
9,9,course-v1:ColumbiaX+CPC+1T2022,2024-04-18T091420,0,9,2021-12-29,0,0,0,0
9,9,course-v1:ColumbiaX+CPC+1T2022,2024-04-18T091420,0,9,2021-12-30,0,0,0,0
9,9,course-v1:ColumbiaX+CPC+1T2022,2024-04-18T091420,0,9,2021-12-31,0,0,0,0
9,9,course-v1:ColumbiaX+CPC+1T2022,2024-04-18T091420,0,9,2022-01-01,0,0,0,0
9,9,course-v1:ColumbiaX+CPC+1T2022,2024-04-18T091420,0,9,2022-01-02,0,0,0,0
9,9,course-v1:ColumbiaX+CPC+1T2022,2024-04-18T091420,0,9,2022-01-03,0,0,0,0
9,9,course-v1:ColumbiaX+CPC+1T2022,2024-04-18T091420,0,9,2022-01-04,0,0,0,0
9,9,course-v1:ColumbiaX+CPC+1T2022,2024-04-18T091420,0,9,2022-01-05,0,0,0,0
9,9,course-v1:ColumbiaX+CPC+1T2022,2024-04-18T091420,0,9,2022-01-06,0,0,0,0
9,9,course-v1:ColumbiaX+CPC+1T2022,2024-04-18T091420,0,9,2022-01-07,0,0,0,0
9,9,course-v1:ColumbiaX+CPC+1T2022,2024-04-18T091420,0,9,2022-01-08,0,0,0,0
9,9,course-v1:ColumbiaX+CPC+1T2022,2024-04-18T091420,0,9,2022-01-09,0,0,0,0
9,9,course-v1:ColumbiaX+CPC+1T2022,2024-04-18T091420,0,9,2022-01-10,0,0,0,0
9,9,course-v1:ColumbiaX+CPC+1T2022,2024-04-18T091420,0,9,2022-01-11,0,0,0,0
9,9,course-v1:ColumbiaX+CPC+1T2022,2024-04-18T091420,0,9,2022-01-12,0,0,0,0
9,9,course-v1:ColumbiaX+CPC+1T2022,2024-04-18T091420,0,9,2022-01-13,0,0,0,0
9,9,course-v1:ColumbiaX+CPC+1T2022,2024-04-18T091420,0,9,2022-01-14,0,0,0,0
9,9,course-v1:ColumbiaX+CPC+1T2022,2024-04-18T091420,0,9,2022-01-15,0,0,0,0
9,9,course-v1:ColumbiaX+CPC+1T2022,2024-04-18T091420,0,9,2022-01-16,0,0,0,0
9,9,course-v1:ColumbiaX+CPC+1T2022,2024-04-18T091420,0,9,2022-01-17,0,0,0,0
9,9,course-v1:ColumbiaX+CPC+1T2022,2024-04-18T091420,0,9,2022-01-18,0,0,0,0
9,9,course-v1:ColumbiaX+CPC+1T2022,2024-04-18T091420,0,9,2022-01-19,0,0,0,0
9,9,course-v1:ColumbiaX+CPC+1T2022,2024-04-18T091420,0,9,2022-01-20,0,0,0,0
9,9,course-v1:ColumbiaX+CPC+1T2022,2024-04-18T091420,0,9,2022-01-21,0,0,0,0
9,9,course-v1:ColumbiaX+CPC+1T2022,2024-04-18T091420,0,9,2022-01-22,0,0,0,0
9,9,course-v1:ColumbiaX+CPC+1T2022,2024-04-18T091420,0,9,2022-01-23,0,0,0,0
9,9,course-v1:ColumbiaX+CPC+1T2022,2024-04-18T091420,0,9,2022-01-24,0,0,0,0
9,9,course-v1:ColumbiaX+CPC+1T2022,2024-04-18T091420,0,9,2022-01-25,0,0,0,0
9,9,course-v1:ColumbiaX+CPC+1T2022,2024-04-18T091420,0,9,2022-01-26,0,0,0,0
9,9,course-v1:ColumbiaX+CPC+1T2022,2024-04-18T091420,0,9,2022-01-27,0,0,0,0
9,9,course-v1:ColumbiaX+CPC+1T2022,2024-04-18T091420,0,9,2022-01-28,0,0,0,0
9,9,course-v1:ColumbiaX+CPC+1T2022,2024-04-18T091420,0,9,2022-01-29,0,0,0,0
9,9,course-v1:ColumbiaX+CPC+1T2022,2024-04-18T091420,0,9,2022-01-30,0,0,0,0
9,9,course-v1:ColumbiaX+CPC+1T2022,2024-04-18T091420,0,9,2022-01-31,0,0,0,0
9,9,course-v1:ColumbiaX+CPC+1T2022,2024-04-18T091420,0,9,2022-02-01,0,0,0,0
9,9,course-v1:ColumbiaX+CPC+1T2022,2024-04-18T091420,0,9,2022-02-02,0,0,0,0
9,9,course-v1:ColumbiaX+CPC+1T2022,2024-04-18T091420,0,9,2022-02-03,0,0,0,0
9,9,course-v1:ColumbiaX+CPC+1T2022,2024-04-18T091420,0,9,2022-02-04,0,0,0,0
9,9,course-v1:ColumbiaX+CPC+1T2022,2024-04-18T091420,0,9,2022-02-05,0,0,0,0
9,9,course-v1:ColumbiaX+CPC+1T2022,2024-04-18T091420,0,9,2022-02-06,0,0,0,0
9,9,course-v1:ColumbiaX+CPC+1T2022,2024-04-18T091420,0,9,2022-02-07,0,0,0,0
9,9,course-v1:ColumbiaX+CPC+1T2022,2024-04-18T091420,0,9,2022-02-08,0,0,0,0
9,9,course-v1:ColumbiaX+CPC+1T2022,2024-04-18T091420,0,9,2022-02-09,0,0,0,0
9,9,course-v1:ColumbiaX+CPC+1T2022,2024-04-18T091420,0,9,2022-02-10,0,0,0,0
9,9,course-v1:ColumbiaX+CPC+1T2022,2024-04-18T091420,0,9,2022-02-11,0,0,0,0
9,9,course-v1:ColumbiaX+CPC+1T2022,2024-04-18T091420,0,9,2022-02-12,0,0,0,0
10,10,course-v1:ColumbiaX+CPC+1T2022,2024-04-18T091420,0,10,2022-02-13,0,0,0,0
10,10,course-v1:ColumbiaX+CPC+1T2022,2024-04-18T091420,0,10,2022-02-14,0,0,0,0
10,10,course-v1:ColumbiaX+CPC+1T2022,2024-04-18T091420,0,10,2022-02-15,0,0,0,0
10,10,course-v1:ColumbiaX+CPC+1T2022,2024-04-18T091420,0,10,2022-02-16,0,0,0,0
10,10,course-v1:ColumbiaX+CPC+1T2022,2024-04-18T091420,0,10,2022-02-17,0,0,0,0
10,10,course-v1:ColumbiaX+CPC+1T2022,2024-04-18T091420,0,10,2022-02-18,0,0,0,0
10,10,course-v1:ColumbiaX+CPC+1T2022,2024-04-18T091420,0,10,2022-02-19,0,0,0,0
10,10,course-v1:ColumbiaX+CPC+1T2022,2024-04-18T091420,0,10,2022-02-20,0,0,0,0
10,10,course-v1:ColumbiaX+CPC+1T2022,2024-04-18T091420,0,10,2022-02-21,0,0,0,0
10,10,course-v1:ColumbiaX+CPC+1T2022,2024-04-18T091420,0,10,2022-02-22,0,0,0,0
10,10,course-v1:ColumbiaX+CPC+1T2022,2024-04-18T091420,0,10,2022-02-23,0,0,0,0
10,10,course-v1:ColumbiaX+CPC+1T2022,2024-04-18T091420,0,10,2022-02-24,0,0,0,0
10,10,course-v1:ColumbiaX+CPC+1T2022,2024-04-18T091420,0,10,2022-02-25,0,0,0,0
10,10,course-v1:ColumbiaX+CPC+1T2022,2024-04-18T091420,0,10,2022-02-26,0,0,0,0
10,10,course-v1:ColumbiaX+CPC+1T2022,2024-04-18T091420,0,10,2022-02-27,0,0,0,0
10,10,course-v1:ColumbiaX+CPC+1T2022,2024-04-18T091420,0,10,2022-02-28,0,0,0,0
10,10,course-v1:ColumbiaX+CPC+1T2022,2024-04-18T091420,0,10,2022-03-01,0,0,0,0
10,10,course-v1:ColumbiaX+CPC+1T2022,2024-04-18T091420,0,10,2022-03-02,0,0,0,0
10,10,course-v1:ColumbiaX+CPC+1T2022,2024-04-18T091420,0,10,2022-03-03,0,0,0,0
10,10,course-v1:ColumbiaX+CPC+1T2022,2024-04-18T091420,0,10,2022-03-04,0,0,0,0
10,10,course-v1:ColumbiaX+CPC+1T2022,2024-04-18T091420,0,10,2022-03-05,0,0,0,0
10,10,course-v1:ColumbiaX+CPC+1T2022,2024-04-18T091420,0,10,2022-03-06,0,0,0,0
10,10,course-v1:ColumbiaX+CPC+1T2022,2024-04-18T091420,0,10,2022-03-07,0,0,0,0
10,10,course-v1:ColumbiaX+CPC+1T2022,2024-04-18T091420,0,10,2022-03-08,0,0,0,0
10,10,course-v1:ColumbiaX+CPC+1T2022,2024-04-18T091420,0,10,2022-03-09,0,0,0,0
10,10,course-v1:ColumbiaX+CPC+1T2022,2024-04-18T091420,0,10,2022-03-10,0,0,0,0
10,10,course-v1:ColumbiaX+CPC+1T2022,2024-04-18T091420,0,10,2022-03-11,0,0,0,0
10,10,course-v1:ColumbiaX+CPC+1T2022,2024-04-18T091420,0,10,2022-03-12,0,0,0,0
10,10,course-v1:ColumbiaX+CPC+1T2022,2024-04-18T091420,0,10,2022-03-13,0,0,0,0
10,10,course-v1:ColumbiaX+CPC+1T2022,2024-04-18T091420,0,10,2022-03-14,0,0,0,0
10,10,course-v1:ColumbiaX+CPC+1T2022,2024-04-18T091420,0,10,2022-03-15,0,0,0,0
10,10,course-v1:ColumbiaX+CPC+1T2022,2024-04-18T091420,0,10,2022-03-16,0,0,0,0
10,10,course-v1:ColumbiaX+CPC+1T2022,2024-04-18T091420,0,10,2022-03-17,0,0,0,0
10,10,course-v1:ColumbiaX+CPC+1T2022,2024-04-18T091420,0,10,2022-03-18,0,0,0,0
10,10,course-v1:ColumbiaX+CPC+1T2022,2024-04-18T091420,0,10,2022-03-19,0,0,0,0
10,10,course-v1:ColumbiaX+CPC+1T2022,2024-04-18T091420,0,10,2022-03-20,0,0,0,0
10,10,course-v1:ColumbiaX+CPC+1T2022,2024-04-18T091420,0,10,2022-03-21,0,0,0,0
10,10,course-v1:ColumbiaX+CPC+1T2022,2024-04-18T091420,0,10,2022-03-22,0,0,0,0
10,10,course-v1:ColumbiaX+CPC+1T2022,2024-04-18T091420,0,10,2022-03-23,0,0,0,0
10,10,course-v1:ColumbiaX+CPC+1T2022,2024-04-18T091420,0,10,2022-03-24,0,0,0,0
10,10,course-v1:ColumbiaX+CPC+1T2022,2024-04-18T091420,0,10,2022-03-25,0,0,0,0
10,10,course-v1:ColumbiaX+CPC+1T2022,2024-04-18T091420,0,10,2022-03-26,0,0,0,0
10,10,course-v1:ColumbiaX+CPC+1T2022,2024-04-18T091420,0,10,2022-03-27,0,0,0,0
10,10,course-v1:ColumbiaX+CPC+1T2022,2024-04-18T091420,0,10,2022-03-28,0,0,0,0
10,10,course-v1:ColumbiaX+CPC+1T2022,2024-04-18T091420,0,10,2022-03-29,0,0,0,0
10,10,course-v1:ColumbiaX+CPC+1T2022,2024-04-18T091420,0,10,2022-03-30,0,0,0,0
10,10,course-v1:ColumbiaX+CPC+1T2022,2024-04-18T091420,0,10,2022-03-31,0,0,0,0
10,10,course-v1:ColumbiaX+CPC+1T2022,2024-04-18T091420,0,10,2022-04-01,0,0,0,0
10,10,course-v1:ColumbiaX+CPC+1T2022,2024-04-18T091420,0,10,2022-04-02,0,0,0,0
10,10,course-v1:ColumbiaX+CPC+1T2022,2024-04-18T091420,0,10,2022-04-03,0,0,0,0
10,10,course-v1:ColumbiaX+CPC+1T2022,2024-04-18T091420,0,10,2022-04-04,0,0,0,0
10,10,course-v1:ColumbiaX+CPC+1T2022,2024-04-18T091420,0,10,2022-04-05,0,0,0,0
10,10,course-v1:ColumbiaX+CPC+1T2022,2024-04-18T091420,0,10,2022-04-06,0,0,0,0
10,10,course-v1:ColumbiaX+CPC+1T2022,2024-04-18T091420,0,10,2022-04-07,0,0,0,0
10,10,course-v1:ColumbiaX+CPC+1T2022,2024-04-18T091420,0,10,2022-04-08,0,0,0,0
10,10,course-v1:ColumbiaX+CPC+1T2022,2024-04-18T091420,0,10,2022-04-09,0,0,0,0
10,10,course-v1:ColumbiaX+CPC+1T2022,2024-04-18T091420,0,10,2022-04-10,0,0,0,0
10,10,course-v1:ColumbiaX+CPC+1T2022,2024-04-18T091420,0,10,2022-04-11,0,0,0,0
10,10,course-v1:ColumbiaX+CPC+1T2022,2024-04-18T091420,0,10,2022-04-12,0,0,0,0
10,10,course-v1:ColumbiaX+CPC+1T2022,2024-04-18T091420,0,10,2022-04-13,0,0,0,0
10,10,course-v1:ColumbiaX+CPC+1T2022,2024-04-18T091420,0,10,2022-04-14,0,0,0,0
10,10,course-v1:ColumbiaX+CPC+1T2022,2024-04-18T091420,0,10,2022-04-15,0,0,0,0
10,10,course-v1:ColumbiaX+CPC+1T2022,2024-04-18T091420,0,10,2022-04-16,0,0,0,0
10,10,course-v1:ColumbiaX+CPC+1T2022,2024-04-18T091420,0,10,2022-04-17,0,0,0,0
10,10,course-v1:ColumbiaX+CPC+1T2022,2024-04-18T091420,0,10,2022-04-18,0,0,0,0
10,10,course-v1:ColumbiaX+CPC+1T2022,2024-04-18T091420,0,10,2022-04-19,0,0,0,0
10,10,course-v1:ColumbiaX+CPC+1T2022,2024-04-18T091420,0,10,2022-04-20,0,0,0,0
10,10,course-v1:ColumbiaX+CPC+1T2022,2024-04-18T091420,0,10,2022-04-21,0,0,0,0
10,10,course-v1:ColumbiaX+CPC+1T2022,2024-04-18T091420,0,10,2022-04-22,0,0,0,0
10,10,course-v1:ColumbiaX+CPC+1T2022,2024-04-18T091420,0,10,2022-04-23,0,0,0,0
10,10,course-v1:ColumbiaX+CPC+1T2022,2024-04-18T091420,0,10,2022-04-24,0,0,0,0
10,10,course-v1:ColumbiaX+CPC+1T2022,2024-04-18T091420,0,10,2022-04-25,0,0,0,0
10,10,course-v1:ColumbiaX+CPC+1T2022,2024-04-18T091420,0,10,2022-04-26,0,0,0,0
10,10,course-v1:ColumbiaX+CPC+1T2022,2024-04-18T091420,0,10,2022-04-27,0,0,0,0
10,10,course-v1:ColumbiaX+CPC+1T2022,2024-04-18T091420,0,10,2022-04-28,0,0,0,0
10,10,course-v1:ColumbiaX+CPC+1T2022,2024-04-18T091420,0,10,2022-04-29,0,0,0,0
10,10,course-v1:ColumbiaX+CPC+1T2022,2024-04-18T091420,0,10,2022-04-30,0,0,0,0
10,10,course-v1:ColumbiaX+CPC+1T2022,2024-04-18T091420,0,10,2022-05-01,0,0,0,0
10,10,course-v1:ColumbiaX+CPC+1T2022,2024-04-18T091420,0,10,2022-05-02,0,0,0,0
10,10,course-v1:ColumbiaX+CPC+1T2022,2024-04-18T091420,0,10,2022-05-03,0,0,0,0
10,10,course-v1:ColumbiaX+CPC+1T2022,2024-04-18T091420,0,10,2022-05-04,0,0,0,0
10,10,course-v1:ColumbiaX+CPC+1T2022,2024-04-18T091420,0,10,2022-05-05,0,0,0,0
10,10,course-v1:ColumbiaX+CPC+1T2022,2024-04-18T091420,0,10,2022-05-06,0,0,0,0
10,10,course-v1:ColumbiaX+CPC+1T2022,2024-04-18T091420,0,10,2022-05-07,0,0,0,0
10,10,course-v1:ColumbiaX+CPC+1T2022,2024-04-18T091420,0,10,2022-05-08,0,0,0,0
10,10,course-v1:ColumbiaX+CPC+1T2022,2024-04-18T091420,0,10,2022-05-09,0,0,0,0
10,10,course-v1:ColumbiaX+CPC+1T2022,2024-04-18T091420,0,10,2022-05-10,0,0,0,0
10,10,course-v1:ColumbiaX+CPC+1T2022,2024-04-18T091420,0,10,2022-05-11,0,0,0,0
10,10,course-v1:ColumbiaX+CPC+1T2022,2024-04-18T091420,0,10,2022-05-12,0,0,0,0
10,10,course-v1:ColumbiaX+CPC+1T2022,2024-04-18T091420,0,10,2022-05-13,0,0,0,0
10,10,course-v1:ColumbiaX+CPC+1T2022,2024-04-18T091420,0,10,2022-05-14,0,0,0,0
10,10,course-v1:ColumbiaX+CPC+1T2022,2024-04-18T091420,0,10,2022-05-15,0,0,0,0
10,10,course-v1:ColumbiaX+CPC+1T2022,2024-04-18T091420,0,10,2022-05-16,0,0,0,0
10,10,course-v1:ColumbiaX+CPC+1T2022,2024-04-18T091420,0,10,2022-05-17,0,0,0,0
10,10,course-v1:ColumbiaX+CPC+1T2022,2024-04-18T091420,0,10,2022-05-18,0,0,0,0
10,10,course-v1:ColumbiaX+CPC+1T2022,2024-04-18T091420,0,10,2022-05-19,0,0,0,0
10,10,course-v1:ColumbiaX+CPC+1T2022,2024-04-18T091420,0,10,2022-05-20,0,0,0,0
10,10,course-v1:ColumbiaX+CPC+1T2022,2024-04-18T091420,0,10,2022-05-21,0,0,0,0
10,10,course-v1:ColumbiaX+CPC+1T2022,2024-04-18T091420,0,10,2022-05-22,0,0,0,0
10,10,course-v1:ColumbiaX+CPC+1T2022,2024-04-18T091420,0,10,2022-05-23,0,0,0,0
10,10,course-v1:ColumbiaX+CPC+1T2022,2024-04-18T091420,0,10,2022-05-24,0,0,0,0
10,10,course-v1:ColumbiaX+CPC+1T2022,2024-04-18T091420,0,10,2022-05-25,0,0,0,0
10,10,course-v1:ColumbiaX+CPC+1T2022,2024-04-18T091420,0,10,2022-05-26,0,0,0,0
10,10,course-v1:ColumbiaX+CPC+1T2022,2024-04-18T091420,0,10,2022-05-27,0,0,0,0
10,10,course-v1:ColumbiaX+CPC+1T2022,2024-04-18T091420,0,10,2022-05-28,0,0,0,0
10,10,course-v1:ColumbiaX+CPC+1T2022,2024-04-18T091420,0,10,2022-05-29,0,0,0,0
10,10,course-v1:ColumbiaX+CPC+1T2022,2024-04-18T091420,0,10,2022-05-30,0,0,0,0
10,10,course-v1:ColumbiaX+CPC+1T2022,2024-04-18T091420,0,10,2022-05-31,0,0,0,0
10,10,course-v1:ColumbiaX+CPC+1T2022,2024-04-18T091420,0,10,2022-06-01,0,0,0,0
10,10,course-v1:ColumbiaX+CPC+1T2022,2024-04-18T091420,0,11,2022-06-02,0,0,0,0
13,13,course-v1:ColumbiaX+CPC+1T2022,2024-04-18T091420,0,14,2022-06-03,0,0,0,0
13,13,course-v1:ColumbiaX+CPC+1T2022,2024-04-18T091420,0,14,2022-06-04,0,0,0,0
15,15,course-v1:ColumbiaX+CPC+1T2022,2024-04-18T091420,0,16,2022-06-05,0,0,0,0
15,15,course-v1:ColumbiaX+CPC+1T2022,2024-04-18T091420,0,16,2022-06-06,0,0,0,0
15,15,course-v1:ColumbiaX+CPC+1T2022,2024-04-18T091420,0,16,2022-06-07,0,0,0,0
16,16,course-v1:ColumbiaX+CPC+1T2022,2024-04-18T091420,0,17,2022-06-08,0,0,0,0
17,17,course-v1:ColumbiaX+CPC+1T2022,2024-04-18T091420,0,18,2022-06-09,0,0,0,0
17,17,course-v1:ColumbiaX+CPC+1T2022,2024-04-18T091420,0,18,2022-06-10,0,0,0,0
18,18,course-v1:ColumbiaX+CPC+1T2022,2024-04-18T091420,0,19,2022-06-11,0,0,0,0
18,18,course-v1:ColumbiaX+CPC+1T2022,2024-04-18T091420,0,20,2022-06-12,0,0,0,0
53,57,course-v1:ColumbiaX+CPC+1T2022,2024-04-18T091420,0,59,2022-06-13,0,0,0,4
165,174,course-v1:ColumbiaX+CPC+1T2022,2024-04-18T091420,0,176,2022-06-14,0,0,0,9
217,226,course-v1:ColumbiaX+CPC+1T2022,2024-04-18T091420,0,228,2022-06-15,0,0,0,9
256,267,course-v1:ColumbiaX+CPC+1T2022,2024-04-18T091420,0,269,2022-06-16,0,0,0,11
284,297,course-v1:ColumbiaX+CPC+1T2022,2024-04-18T091420,0,299,2022-06-17,0,0,0,13
292,306,course-v1:ColumbiaX+CPC+1T2022,2024-04-18T091420,0,308,2022-06-18,0,0,0,14
300,315,course-v1:ColumbiaX+CPC+1T2022,2024-04-18T091420,0,317,2022-06-19,0,0,0,15
311,327,course-v1:ColumbiaX+CPC+1T2022,2024-04-18T091420,0,329,2022-06-20,0,0,0,16
330,348,course-v1:ColumbiaX+CPC+1T2022,2024-04-18T091420,0,350,2022-06-21,0,0,0,18
347,365,course-v1:ColumbiaX+CPC+1T2022,2024-04-18T091420,0,367,2022-06-22,0,0,0,18
356,374,course-v1:ColumbiaX+CPC+1T2022,2024-04-18T091420,0,376,2022-06-23,0,0,0,18
364,382,course-v1:ColumbiaX+CPC+1T2022,2024-04-18T091420,0,384,2022-06-24,0,0,0,18
372,390,course-v1:ColumbiaX+CPC+1T2022,2024-04-18T091420,0,392,2022-06-25,0,0,0,18
375,393,course-v1:ColumbiaX+CPC+1T2022,2024-04-18T091420,0,395,2022-06-26,0,0,0,18
379,398,course-v1:ColumbiaX+CPC+1T2022,2024-04-18T091420,0,400,2022-06-27,0,0,0,19
387,406,course-v1:ColumbiaX+CPC+1T2022,2024-04-18T091420,0,408,2022-06-28,0,0,0,19
398,418,course-v1:ColumbiaX+CPC+1T2022,2024-04-18T091420,0,420,2022-06-29,0,0,0,20
422,443,course-v1:ColumbiaX+CPC+1T2022,2024-04-18T091420,0,446,2022-06-30,0,0,0,21
431,452,course-v1:ColumbiaX+CPC+1T2022,2024-04-18T091420,0,455,2022-07-01,0,0,0,21
434,455,course-v1:ColumbiaX+CPC+1T2022,2024-04-18T091420,0,458,2022-07-02,0,0,0,21
435,457,course-v1:ColumbiaX+CPC+1T2022,2024-04-18T091420,0,460,2022-07-03,0,0,0,22
438,460,course-v1:ColumbiaX+CPC+1T2022,2024-04-18T091420,0,462,2022-07-04,0,0,0,22
446,469,course-v1:ColumbiaX+CPC+1T2022,2024-04-18T091420,0,470,2022-07-05,0,0,0,23
453,476,course-v1:ColumbiaX+CPC+1T2022,2024-04-18T091420,0,479,2022-07-06,0,0,0,23
455,478,course-v1:ColumbiaX+CPC+1T2022,2024-04-18T091420,0,481,2022-07-07,0,0,0,23
458,482,course-v1:ColumbiaX+CPC+1T2022,2024-04-18T091420,0,485,2022-07-08,0,0,0,24
461,485,course-v1:ColumbiaX+CPC+1T2022,2024-04-18T091420,0,488,2022-07-09,0,0,0,24
463,487,course-v1:ColumbiaX+CPC+1T2022,2024-04-18T091420,0,490,2022-07-10,0,0,0,24
469,493,course-v1:ColumbiaX+CPC+1T2022,2024-04-18T091420,0,496,2022-07-11,0,0,0,24
476,500,course-v1:ColumbiaX+CPC+1T2022,2024-04-18T091420,0,503,2022-07-12,0,0,0,24
481,505,course-v1:ColumbiaX+CPC+1T2022,2024-04-18T091420,0,508,2022-07-13,0,0,0,24
488,512,course-v1:ColumbiaX+CPC+1T2022,2024-04-18T091420,0,516,2022-07-14,0,0,0,24
491,518,course-v1:ColumbiaX+CPC+1T2022,2024-04-18T091420,0,522,2022-07-15,0,0,0,27
492,519,course-v1:ColumbiaX+CPC+1T2022,2024-04-18T091420,0,523,2022-07-16,0,0,0,27
493,520,course-v1:ColumbiaX+CPC+1T2022,2024-04-18T091420,0,524,2022-07-17,0,0,0,27
497,525,course-v1:ColumbiaX+CPC+1T2022,2024-04-18T091420,0,529,2022-07-18,0,0,0,28
503,532,course-v1:ColumbiaX+CPC+1T2022,2024-04-18T091420,0,537,2022-07-19,0,0,0,29
506,535,course-v1:ColumbiaX+CPC+1T2022,2024-04-18T091420,0,540,2022-07-20,0,0,0,29
507,536,course-v1:ColumbiaX+CPC+1T2022,2024-04-18T091420,0,541,2022-07-21,0,0,0,29
510,539,course-v1:ColumbiaX+CPC+1T2022,2024-04-18T091420,0,544,2022-07-22,0,0,0,29
511,540,course-v1:ColumbiaX+CPC+1T2022,2024-04-18T091420,0,545,2022-07-23,0,0,0,29
512,542,course-v1:ColumbiaX+CPC+1T2022,2024-04-18T091420,0,547,2022-07-24,0,0,0,30
514,544,course-v1:ColumbiaX+CPC+1T2022,2024-04-18T091420,0,549,2022-07-25,0,0,0,30
521,552,course-v1:ColumbiaX+CPC+1T2022,2024-04-18T091420,0,557,2022-07-26,0,0,0,31
528,559,course-v1:ColumbiaX+CPC+1T2022,2024-04-18T091420,0,564,2022-07-27,0,0,0,31
541,572,course-v1:ColumbiaX+CPC+1T2022,2024-04-18T091420,0,578,2022-07-28,0,0,0,31
541,572,course-v1:ColumbiaX+CPC+1T2022,2024-04-18T091420,0,578,2022-07-29,0,0,0,31
542,573,course-v1:ColumbiaX+CPC+1T2022,2024-04-18T091420,0,579,2022-07-30,0,0,0,31
545,576,course-v1:ColumbiaX+CPC+1T2022,2024-04-18T091420,0,582,2022-07-31,0,0,0,31
548,579,course-v1:ColumbiaX+CPC+1T2022,2024-04-18T091420,0,585,2022-08-01,0,0,0,31
550,582,course-v1:ColumbiaX+CPC+1T2022,2024-04-18T091420,0,588,2022-08-02,0,0,0,32
550,582,course-v1:ColumbiaX+CPC+1T2022,2024-04-18T091420,0,588,2022-08-03,0,0,0,32
551,583,course-v1:ColumbiaX+CPC+1T2022,2024-04-18T091420,0,589,2022-08-04,0,0,0,32
553,585,course-v1:ColumbiaX+CPC+1T2022,2024-04-18T091420,0,591,2022-08-05,0,0,0,32
553,585,course-v1:ColumbiaX+CPC+1T2022,2024-04-18T091420,0,591,2022-08-06,0,0,0,32
554,586,course-v1:ColumbiaX+CPC+1T2022,2024-04-18T091420,0,592,2022-08-07,0,0,0,32
554,586,course-v1:ColumbiaX+CPC+1T2022,2024-04-18T091420,0,592,2022-08-08,0,0,0,32
557,591,course-v1:ColumbiaX+CPC+1T2022,2024-04-18T091420,0,597,2022-08-09,0,0,0,34
558,593,course-v1:ColumbiaX+CPC+1T2022,2024-04-18T091420,0,599,2022-08-10,0,0,0,35
560,595,course-v1:ColumbiaX+CPC+1T2022,2024-04-18T091420,0,601,2022-08-11,0,0,0,35
561,596,course-v1:ColumbiaX+CPC+1T2022,2024-04-18T091420,0,602,2022-08-12,0,0,0,35
563,598,course-v1:ColumbiaX+CPC+1T2022,2024-04-18T091420,0,604,2022-08-13,0,0,0,35
563,598,course-v1:ColumbiaX+CPC+1T2022,2024-04-18T091420,0,604,2022-08-14,0,0,0,35
565,601,course-v1:ColumbiaX+CPC+1T2022,2024-04-18T091420,0,609,2022-08-15,0,0,0,36
569,605,course-v1:ColumbiaX+CPC+1T2022,2024-04-18T091420,0,613,2022-08-16,0,0,0,36
569,605,course-v1:ColumbiaX+CPC+1T2022,2024-04-18T091420,0,613,2022-08-17,0,0,0,36
571,607,course-v1:ColumbiaX+CPC+1T2022,2024-04-18T091420,0,615,2022-08-18,0,0,0,36
572,609,course-v1:ColumbiaX+CPC+1T2022,2024-04-18T091420,0,617,2022-08-19,0,0,0,37
575,612,course-v1:ColumbiaX+CPC+1T2022,2024-04-18T091420,0,620,2022-08-20,0,0,0,37
575,612,course-v1:ColumbiaX+CPC+1T2022,2024-04-18T091420,0,620,2022-08-21,0,0,0,37
578,615,course-v1:ColumbiaX+CPC+1T2022,2024-04-18T091420,0,623,2022-08-22,0,0,0,37
583,620,course-v1:ColumbiaX+CPC+1T2022,2024-04-18T091420,0,628,2022-08-23,0,0,0,37
584,621,course-v1:ColumbiaX+CPC+1T2022,2024-04-18T091420,0,629,2022-08-24,0,0,0,37
587,624,course-v1:ColumbiaX+CPC+1T2022,2024-04-18T091420,0,632,2022-08-25,0,0,0,37
589,626,course-v1:ColumbiaX+CPC+1T2022,2024-04-18T091420,0,634,2022-08-26,0,0,0,37
589,626,course-v1:ColumbiaX+CPC+1T2022,2024-04-18T091420,0,634,2022-08-27,0,0,0,37
589,626,course-v1:ColumbiaX+CPC+1T2022,2024-04-18T091420,0,634,2022-08-28,0,0,0,37
591,628,course-v1:ColumbiaX+CPC+1T2022,2024-04-18T091420,0,636,2022-08-29,0,0,0,37
592,629,course-v1:ColumbiaX+CPC+1T2022,2024-04-18T091420,0,637,2022-08-30,0,0,0,37
596,633,course-v1:ColumbiaX+CPC+1T2022,2024-04-18T091420,0,641,2022-08-31,0,0,0,37
597,634,course-v1:ColumbiaX+CPC+1T2022,2024-04-18T091420,0,642,2022-09-01,0,0,0,37
598,635,course-v1:ColumbiaX+CPC+1T2022,2024-04-18T091420,0,643,2022-09-02,0,0,0,37
599,636,course-v1:ColumbiaX+CPC+1T2022,2024-04-18T091420,0,644,2022-09-03,0,0,0,37
601,638,course-v1:ColumbiaX+CPC+1T2022,2024-04-18T091420,0,646,2022-09-04,0,0,0,37
606,643,course-v1:ColumbiaX+CPC+1T2022,2024-04-18T091420,0,651,2022-09-05,0,0,0,37
608,646,course-v1:ColumbiaX+CPC+1T2022,2024-04-18T091420,0,654,2022-09-06,0,0,0,38
613,651,course-v1:ColumbiaX+CPC+1T2022,2024-04-18T091420,0,659,2022-09-07,0,0,0,38
617,655,course-v1:ColumbiaX+CPC+1T2022,2024-04-18T091420,0,663,2022-09-08,0,0,0,38
618,656,course-v1:ColumbiaX+CPC+1T2022,2024-04-18T091420,0,664,2022-09-09,0,0,0,38
620,659,course-v1:ColumbiaX+CPC+1T2022,2024-04-18T091420,0,667,2022-09-10,0,0,0,39
620,659,course-v1:ColumbiaX+CPC+1T2022,2024-04-18T091420,0,667,2022-09-11,0,0,0,39
620,660,course-v1:ColumbiaX+CPC+1T2022,2024-04-18T091420,0,668,2022-09-12,0,0,0,40
624,664,course-v1:ColumbiaX+CPC+1T2022,2024-04-18T091420,0,673,2022-09-13,0,0,0,40
624,664,course-v1:ColumbiaX+CPC+1T2022,2024-04-18T091420,0,673,2022-09-14,0,0,0,40
624,664,course-v1:ColumbiaX+CPC+1T2022,2024-04-18T091420,0,673,2022-09-15,0,0,0,40
625,665,course-v1:ColumbiaX+CPC+1T2022,2024-04-18T091420,0,674,2022-09-16,0,0,0,40
625,665,course-v1:ColumbiaX+CPC+1T2022,2024-04-18T091420,0,674,2022-09-17,0,0,0,40
625,665,course-v1:ColumbiaX+CPC+1T2022,2024-04-18T091420,0,675,2022-09-18,0,0,0,40
625,665,course-v1:ColumbiaX+CPC+1T2022,2024-04-18T091420,0,675,2022-09-19,0,0,0,40
626,666,course-v1:ColumbiaX+CPC+1T2022,2024-04-18T091420,0,676,2022-09-20,0,0,0,40
628,668,course-v1:ColumbiaX+CPC+1T2022,2024-04-18T091420,0,678,2022-09-21,0,0,0,40
630,671,course-v1:ColumbiaX+CPC+1T2022,2024-04-18T091420,0,681,2022-09-22,0,0,0,41
630,671,course-v1:ColumbiaX+CPC+1T2022,2024-04-18T091420,0,681,2022-09-23,0,0,0,41
631,672,course-v1:ColumbiaX+CPC+1T2022,2024-04-18T091420,0,682,2022-09-24,0,0,0,41
632,673,course-v1:ColumbiaX+CPC+1T2022,2024-04-18T091420,0,683,2022-09-25,0,0,0,41
633,674,course-v1:ColumbiaX+CPC+1T2022,2024-04-18T091420,0,684,2022-09-26,0,0,0,41
633,674,course-v1:ColumbiaX+CPC+1T2022,2024-04-18T091420,0,684,2022-09-27,0,0,0,41
633,674,course-v1:ColumbiaX+CPC+1T2022,2024-04-18T091420,0,684,2022-09-28,0,0,0,41
633,674,course-v1:ColumbiaX+CPC+1T2022,2024-04-18T091420,0,684,2022-09-29,0,0,0,41
636,677,course-v1:ColumbiaX+CPC+1T2022,2024-04-18T091420,0,688,2022-09-30,0,0,0,41
635,678,course-v1:ColumbiaX+CPC+1T2022,2024-04-18T091420,0,689,2022-10-01,0,0,0,43
636,679,course-v1:ColumbiaX+CPC+1T2022,2024-04-18T091420,0,690,2022-10-02,0,0,0,43
637,680,course-v1:ColumbiaX+CPC+1T2022,2024-04-18T091420,0,691,2022-10-03,0,0,0,43
639,682,course-v1:ColumbiaX+CPC+1T2022,2024-04-18T091420,0,693,2022-10-04,0,0,0,43
640,684,course-v1:ColumbiaX+CPC+1T2022,2024-04-18T091420,0,695,2022-10-05,0,0,0,44
642,686,course-v1:ColumbiaX+CPC+1T2022,2024-04-18T091420,0,697,2022-10-06,0,0,0,44
646,690,course-v1:ColumbiaX+CPC+1T2022,2024-04-18T091420,0,700,2022-10-07,0,0,0,44
646,690,course-v1:ColumbiaX+CPC+1T2022,2024-04-18T091420,0,701,2022-10-08,0,0,0,44
647,691,course-v1:ColumbiaX+CPC+1T2022,2024-04-18T091420,0,702,2022-10-09,0,0,0,44
647,691,course-v1:ColumbiaX+CPC+1T2022,2024-04-18T091420,0,702,2022-10-10,0,0,0,44
648,692,course-v1:ColumbiaX+CPC+1T2022,2024-04-18T091420,0,703,2022-10-11,0,0,0,44
650,694,course-v1:ColumbiaX+CPC+1T2022,2024-04-18T091420,0,706,2022-10-12,0,0,0,44
653,697,course-v1:ColumbiaX+CPC+1T2022,2024-04-18T091420,0,709,2022-10-13,0,0,0,44
654,697,course-v1:ColumbiaX+CPC+1T2022,2024-04-18T091420,0,710,2022-10-14,0,0,0,43
657,700,course-v1:ColumbiaX+CPC+1T2022,2024-04-18T091420,0,713,2022-10-15,0,0,0,43
658,701,course-v1:ColumbiaX+CPC+1T2022,2024-04-18T091420,0,714,2022-10-16,0,0,0,43
660,703,course-v1:ColumbiaX+CPC+1T2022,2024-04-18T091420,0,716,2022-10-17,0,0,0,43
663,706,course-v1:ColumbiaX+CPC+1T2022,2024-04-18T091420,0,719,2022-10-18,0,0,0,43
663,706,course-v1:ColumbiaX+CPC+1T2022,2024-04-18T091420,0,719,2022-10-19,0,0,0,43
670,713,course-v1:ColumbiaX+CPC+1T2022,2024-04-18T091420,0,726,2022-10-20,0,0,0,43
671,714,course-v1:ColumbiaX+CPC+1T2022,2024-04-18T091420,0,727,2022-10-21,0,0,0,43
671,714,course-v1:ColumbiaX+CPC+1T2022,2024-04-18T091420,0,728,2022-10-22,0,0,0,43
671,714,course-v1:ColumbiaX+CPC+1T2022,2024-04-18T091420,0,728,2022-10-23,0,0,0,43
675,718,course-v1:ColumbiaX+CPC+1T2022,2024-04-18T091420,0,732,2022-10-24,0,0,0,43
678,721,course-v1:ColumbiaX+CPC+1T2022,2024-04-18T091420,0,735,2022-10-25,0,0,0,43
680,723,course-v1:ColumbiaX+CPC+1T2022,2024-04-18T091420,0,737,2022-10-26,0,0,0,43
680,723,course-v1:ColumbiaX+CPC+1T2022,2024-04-18T091420,0,737,2022-10-27,0,0,0,43
681,724,course-v1:ColumbiaX+CPC+1T2022,2024-04-18T091420,0,738,2022-10-28,0,0,0,43
682,725,course-v1:ColumbiaX+CPC+1T2022,2024-04-18T091420,0,739,2022-10-29,0,0,0,43
684,727,course-v1:ColumbiaX+CPC+1T2022,2024-04-18T091420,0,741,2022-10-30,0,0,0,43
685,728,course-v1:ColumbiaX+CPC+1T2022,2024-04-18T091420,0,743,2022-10-31,0,0,0,43
685,728,course-v1:ColumbiaX+CPC+1T2022,2024-04-18T091420,0,743,2022-11-01,0,0,0,43
688,732,course-v1:ColumbiaX+CPC+1T2022,2024-04-18T091420,0,747,2022-11-02,0,0,0,44
690,734,course-v1:ColumbiaX+CPC+1T2022,2024-04-18T091420,0,749,2022-11-03,0,0,0,44
698,742,course-v1:ColumbiaX+CPC+1T2022,2024-04-18T091420,0,757,2022-11-04,0,0,0,44
698,742,course-v1:ColumbiaX+CPC+1T2022,2024-04-18T091420,0,757,2022-11-05,0,0,0,44
699,743,course-v1:ColumbiaX+CPC+1T2022,2024-04-18T091420,0,758,2022-11-06,0,0,0,44
701,745,course-v1:ColumbiaX+CPC+1T2022,2024-04-18T091420,0,760,2022-11-07,0,0,0,44
706,750,course-v1:ColumbiaX+CPC+1T2022,2024-04-18T091420,0,765,2022-11-08,0,0,0,44
713,757,course-v1:ColumbiaX+CPC+1T2022,2024-04-18T091420,0,772,2022-11-09,0,0,0,44
714,758,course-v1:ColumbiaX+CPC+1T2022,2024-04-18T091420,0,773,2022-11-10,0,0,0,44
716,760,course-v1:ColumbiaX+CPC+1T2022,2024-04-18T091420,0,776,2022-11-11,0,0,0,44
716,761,course-v1:ColumbiaX+CPC+1T2022,2024-04-18T091420,0,777,2022-11-12,0,0,0,45
717,762,course-v1:ColumbiaX+CPC+1T2022,2024-04-18T091420,0,778,2022-11-13,0,0,0,45
732,777,course-v1:ColumbiaX+CPC+1T2022,2024-04-18T091420,0,793,2022-11-14,0,0,0,45
743,789,course-v1:ColumbiaX+CPC+1T2022,2024-04-18T091420,0,805,2022-11-15,0,0,0,46
748,794,course-v1:ColumbiaX+CPC+1T2022,2024-04-18T091420,0,810,2022-11-16,0,0,0,46
755,801,course-v1:ColumbiaX+CPC+1T2022,2024-04-18T091420,0,817,2022-11-17,0,0,0,46
759,806,course-v1:ColumbiaX+CPC+1T2022,2024-04-18T091420,0,822,2022-11-18,0,0,0,47
763,812,course-v1:ColumbiaX+CPC+1T2022,2024-04-18T091420,0,827,2022-11-19,0,0,0,49
763,812,course-v1:ColumbiaX+CPC+1T2022,2024-04-18T091420,0,828,2022-11-20,0,0,0,49
763,813,course-v1:ColumbiaX+CPC+1T2022,2024-04-18T091420,0,829,2022-11-21,0,0,0,50
769,819,course-v1:ColumbiaX+CPC+1T2022,2024-04-18T091420,0,835,2022-11-22,0,0,0,50
771,822,course-v1:ColumbiaX+CPC+1T2022,2024-04-18T091420,0,838,2022-11-23,0,0,0,51
776,828,course-v1:ColumbiaX+CPC+1T2022,2024-04-18T091420,0,844,2022-11-24,0,0,0,52
778,830,course-v1:ColumbiaX+CPC+1T2022,2024-04-18T091420,0,846,2022-11-25,0,0,0,52
779,831,course-v1:ColumbiaX+CPC+1T2022,2024-04-18T091420,0,847,2022-11-26,0,0,0,52
781,833,course-v1:ColumbiaX+CPC+1T2022,2024-04-18T091420,0,849,2022-11-27,0,0,0,52
786,839,course-v1:ColumbiaX+CPC+1T2022,2024-04-18T091420,0,855,2022-11-28,0,0,0,53
789,842,course-v1:ColumbiaX+CPC+1T2022,2024-04-18T091420,0,858,2022-11-29,0,0,0,53
790,843,course-v1:ColumbiaX+CPC+1T2022,2024-04-18T091420,0,859,2022-11-30,0,0,0,53
792,845,course-v1:ColumbiaX+CPC+1T2022,2024-04-18T091420,0,861,2022-12-01,0,0,0,53
792,845,course-v1:ColumbiaX+CPC+1T2022,2024-04-18T091420,0,861,2022-12-02,0,0,0,53
793,846,course-v1:ColumbiaX+CPC+1T2022,2024-04-18T091420,0,862,2022-12-03,0,0,0,53
798,851,course-v1:ColumbiaX+CPC+1T2022,2024-04-18T091420,0,867,2022-12-04,0,0,0,53
799,852,course-v1:ColumbiaX+CPC+1T2022,2024-04-18T091420,0,868,2022-12-05,0,0,0,53
804,857,course-v1:ColumbiaX+CPC+1T2022,2024-04-18T091420,0,873,2022-12-06,0,0,0,53
804,858,course-v1:ColumbiaX+CPC+1T2022,2024-04-18T091420,0,874,2022-12-07,0,0,0,54
805,859,course-v1:ColumbiaX+CPC+1T2022,2024-04-18T091420,0,875,2022-12-08,0,0,0,54
808,862,course-v1:ColumbiaX+CPC+1T2022,2024-04-18T091420,0,878,2022-12-09,0,0,0,54
809,863,course-v1:ColumbiaX+CPC+1T2022,2024-04-18T091420,0,879,2022-12-10,0,0,0,54
809,864,course-v1:ColumbiaX+CPC+1T2022,2024-04-18T091420,0,880,2022-12-11,0,0,0,55
812,867,course-v1:ColumbiaX+CPC+1T2022,2024-04-18T091420,0,883,2022-12-12,0,0,0,55
814,869,course-v1:ColumbiaX+CPC+1T2022,2024-04-18T091420,0,885,2022-12-13,0,0,0,55
814,869,course-v1:ColumbiaX+CPC+1T2022,2024-04-18T091420,0,885,2022-12-14,0,0,0,55
816,871,course-v1:ColumbiaX+CPC+1T2022,2024-04-18T091420,0,887,2022-12-15,0,0,0,55
816,872,course-v1:ColumbiaX+CPC+1T2022,2024-04-18T091420,0,888,2022-12-16,0,0,0,56
817,873,course-v1:ColumbiaX+CPC+1T2022,2024-04-18T091420,0,889,2022-12-17,0,0,0,56
817,873,course-v1:ColumbiaX+CPC+1T2022,2024-04-18T091420,0,889,2022-12-18,0,0,0,56
819,875,course-v1:ColumbiaX+CPC+1T2022,2024-04-18T091420,0,891,2022-12-19,0,0,0,56
820,876,course-v1:ColumbiaX+CPC+1T2022,2024-04-18T091420,0,892,2022-12-20,0,0,0,56
823,879,course-v1:ColumbiaX+CPC+1T2022,2024-04-18T091420,0,894,2022-12-21,0,0,0,56
823,879,course-v1:ColumbiaX+CPC+1T2022,2024-04-18T091420,0,894,2022-12-22,0,0,0,56
823,879,course-v1:ColumbiaX+CPC+1T2022,2024-04-18T091420,0,894,2022-12-23,0,0,0,56
823,879,course-v1:ColumbiaX+CPC+1T2022,2024-04-18T091420,0,894,2022-12-24,0,0,0,56
823,880,course-v1:ColumbiaX+CPC+1T2022,2024-04-18T091420,0,895,2022-12-25,0,0,0,57
824,881,course-v1:ColumbiaX+CPC+1T2022,2024-04-18T091420,0,896,2022-12-26,0,0,0,57
826,883,course-v1:ColumbiaX+CPC+1T2022,2024-04-18T091420,0,898,2022-12-27,0,0,0,57
828,885,course-v1:ColumbiaX+CPC+1T2022,2024-04-18T091420,0,900,2022-12-28,0,0,0,57
830,887,course-v1:ColumbiaX+CPC+1T2022,2024-04-18T091420,0,902,2022-12-29,0,0,0,57
830,887,course-v1:ColumbiaX+CPC+1T2022,2024-04-18T091420,0,902,2022-12-30,0,0,0,57
830,887,course-v1:ColumbiaX+CPC+1T2022,2024-04-18T091420,0,902,2022-12-31,0,0,0,57
830,887,course-v1:ColumbiaX+CPC+1T2022,2024-04-18T091420,0,902,2023-01-01,0,0,0,57
830,887,course-v1:ColumbiaX+CPC+1T2022,2024-04-18T091420,0,903,2023-01-02,0,0,0,57
836,893,course-v1:ColumbiaX+CPC+1T2022,2024-04-18T091420,0,909,2023-01-03,0,0,0,57
838,895,course-v1:ColumbiaX+CPC+1T2022,2024-04-18T091420,0,911,2023-01-04,0,0,0,57
838,895,course-v1:ColumbiaX+CPC+1T2022,2024-04-18T091420,0,912,2023-01-05,0,0,0,57
838,895,course-v1:ColumbiaX+CPC+1T2022,2024-04-18T091420,0,912,2023-01-06,0,0,0,57
840,897,course-v1:ColumbiaX+CPC+1T2022,2024-04-18T091420,0,914,2023-01-07,0,0,0,57
839,896,course-v1:ColumbiaX+CPC+1T2022,2024-04-18T091420,0,914,2023-01-08,0,0,0,57
841,898,course-v1:ColumbiaX+CPC+1T2022,2024-04-18T091420,0,916,2023-01-09,0,0,0,57
841,898,course-v1:ColumbiaX+CPC+1T2022,2024-04-18T091420,0,916,2023-01-10,0,0,0,57
843,900,course-v1:ColumbiaX+CPC+1T2022,2024-04-18T091420,0,918,2023-01-11,0,0,0,57
845,902,course-v1:ColumbiaX+CPC+1T2022,2024-04-18T091420,0,920,2023-01-12,0,0,0,57
846,903,course-v1:ColumbiaX+CPC+1T2022,2024-04-18T091420,0,921,2023-01-13,0,0,0,57
845,902,course-v1:ColumbiaX+CPC+1T2022,2024-04-18T091420,0,921,2023-01-14,0,0,0,57
848,905,course-v1:ColumbiaX+CPC+1T2022,2024-04-18T091420,0,924,2023-01-15,0,0,0,57
853,910,course-v1:ColumbiaX+CPC+1T2022,2024-04-18T091420,0,929,2023-01-16,0,0,0,57
854,911,course-v1:ColumbiaX+CPC+1T2022,2024-04-18T091420,0,931,2023-01-17,0,0,0,57
855,912,course-v1:ColumbiaX+CPC+1T2022,2024-04-18T091420,0,932,2023-01-18,0,0,0,57
855,912,course-v1:ColumbiaX+CPC+1T2022,2024-04-18T091420,0,932,2023-01-19,0,0,0,57
860,917,course-v1:ColumbiaX+CPC+1T2022,2024-04-18T091420,0,937,2023-01-20,0,0,0,57
860,917,course-v1:ColumbiaX+CPC+1T2022,2024-04-18T091420,0,937,2023-01-21,0,0,0,57
861,918,course-v1:ColumbiaX+CPC+1T2022,2024-04-18T091420,0,938,2023-01-22,0,0,0,57
863,920,course-v1:ColumbiaX+CPC+1T2022,2024-04-18T091420,0,940,2023-01-23,0,0,0,57
864,921,course-v1:ColumbiaX+CPC+1T2022,2024-04-18T091420,0,941,2023-01-24,0,0,0,57
866,923,course-v1:ColumbiaX+CPC+1T2022,2024-04-18T091420,0,943,2023-01-25,0,0,0,57
867,924,course-v1:ColumbiaX+CPC+1T2022,2024-04-18T091420,0,945,2023-01-26,0,0,0,57
868,925,course-v1:ColumbiaX+CPC+1T2022,2024-04-18T091420,0,946,2023-01-27,0,0,0,57
868,925,course-v1:ColumbiaX+CPC+1T2022,2024-04-18T091420,0,946,2023-01-28,0,0,0,57
872,929,course-v1:ColumbiaX+CPC+1T2022,2024-04-18T091420,0,950,2023-01-29,0,0,0,57
875,932,course-v1:ColumbiaX+CPC+1T2022,2024-04-18T091420,0,953,2023-01-30,0,0,0,57
877,936,course-v1:ColumbiaX+CPC+1T2022,2024-04-18T091420,0,957,2023-01-31,0,0,0,59
878,937,course-v1:ColumbiaX+CPC+1T2022,2024-04-18T091420,0,958,2023-02-01,0,0,0,59
879,938,course-v1:ColumbiaX+CPC+1T2022,2024-04-18T091420,0,959,2023-02-02,0,0,0,59
881,940,course-v1:ColumbiaX+CPC+1T2022,2024-04-18T091420,0,961,2023-02-03,0,0,0,59
882,941,course-v1:ColumbiaX+CPC+1T2022,2024-04-18T091420,0,962,2023-02-04,0,0,0,59
885,944,course-v1:ColumbiaX+CPC+1T2022,2024-04-18T091420,0,965,2023-02-05,0,0,0,59
890,949,course-v1:ColumbiaX+CPC+1T2022,2024-04-18T091420,0,970,2023-02-06,0,0,0,59
891,950,course-v1:ColumbiaX+CPC+1T2022,2024-04-18T091420,0,971,2023-02-07,0,0,0,59
894,953,course-v1:ColumbiaX+CPC+1T2022,2024-04-18T091420,0,974,2023-02-08,0,0,0,59
897,956,course-v1:ColumbiaX+CPC+1T2022,2024-04-18T091420,0,977,2023-02-09,0,0,0,59
900,959,course-v1:ColumbiaX+CPC+1T2022,2024-04-18T091420,0,980,2023-02-10,0,0,0,59
900,959,course-v1:ColumbiaX+CPC+1T2022,2024-04-18T091420,0,981,2023-02-11,0,0,0,59
902,961,course-v1:ColumbiaX+CPC+1T2022,2024-04-18T091420,0,983,2023-02-12,0,0,0,59
904,963,course-v1:ColumbiaX+CPC+1T2022,2024-04-18T091420,0,985,2023-02-13,0,0,0,59
905,964,course-v1:ColumbiaX+CPC+1T2022,2024-04-18T091420,0,986,2023-02-14,0,0,0,59
907,966,course-v1:ColumbiaX+CPC+1T2022,2024-04-18T091420,0,988,2023-02-15,0,0,0,59
908,967,course-v1:ColumbiaX+CPC+1T2022,2024-04-18T091420,0,989,2023-02-16,0,0,0,59
909,969,course-v1:ColumbiaX+CPC+1T2022,2024-04-18T091420,0,992,2023-02-17,0,0,0,60
910,970,course-v1:ColumbiaX+CPC+1T2022,2024-04-18T091420,0,993,2023-02-18,0,0,0,60
911,971,course-v1:ColumbiaX+CPC+1T2022,2024-04-18T091420,0,994,2023-02-19,0,0,0,60
916,976,course-v1:ColumbiaX+CPC+1T2022,2024-04-18T091420,0,999,2023-02-20,0,0,0,60
919,979,course-v1:ColumbiaX+CPC+1T2022,2024-04-18T091420,0,1002,2023-02-21,0,0,0,60
921,981,course-v1:ColumbiaX+CPC+1T2022,2024-04-18T091420,0,1005,2023-02-22,0,0,0,60
923,984,course-v1:ColumbiaX+CPC+1T2022,2024-04-18T091420,0,1009,2023-02-23,0,0,0,61
925,986,course-v1:ColumbiaX+CPC+1T2022,2024-04-18T091420,0,1012,2023-02-24,0,0,0,61
924,985,course-v1:ColumbiaX+CPC+1T2022,2024-04-18T091420,0,1012,2023-02-25,0,0,0,61
926,987,course-v1:ColumbiaX+CPC+1T2022,2024-04-18T091420,0,1014,2023-02-26,0,0,0,61
929,990,course-v1:ColumbiaX+CPC+1T2022,2024-04-18T091420,0,1017,2023-02-27,0,0,0,61
931,992,course-v1:ColumbiaX+CPC+1T2022,2024-04-18T091420,0,1019,2023-02-28,0,0,0,61
932,993,course-v1:ColumbiaX+CPC+1T2022,2024-04-18T091420,0,1021,2023-03-01,0,0,0,61
935,996,course-v1:ColumbiaX+CPC+1T2022,2024-04-18T091420,0,1024,2023-03-02,0,0,0,61
938,999,course-v1:ColumbiaX+CPC+1T2022,2024-04-18T091420,0,1027,2023-03-03,0,0,0,61
939,1000,course-v1:ColumbiaX+CPC+1T2022,2024-04-18T091420,0,1028,2023-03-04,0,0,0,61
939,1000,course-v1:ColumbiaX+CPC+1T2022,2024-04-18T091420,0,1028,2023-03-05,0,0,0,61
939,1000,course-v1:ColumbiaX+CPC+1T2022,2024-04-18T091420,0,1028,2023-03-06,0,0,0,61
941,1002,course-v1:ColumbiaX+CPC+1T2022,2024-04-18T091420,0,1030,2023-03-07,0,0,0,61
941,1003,course-v1:ColumbiaX+CPC+1T2022,2024-04-18T091420,0,1031,2023-03-08,0,0,0,62
942,1004,course-v1:ColumbiaX+CPC+1T2022,2024-04-18T091420,0,1033,2023-03-09,0,0,0,62
942,1004,course-v1:ColumbiaX+CPC+1T2022,2024-04-18T091420,0,1033,2023-03-10,0,0,0,62
942,1004,course-v1:ColumbiaX+CPC+1T2022,2024-04-18T091420,0,1034,2023-03-11,0,0,0,62
942,1004,course-v1:ColumbiaX+CPC+1T2022,2024-04-18T091420,0,1035,2023-03-12,0,0,0,62
942,1004,course-v1:ColumbiaX+CPC+1T2022,2024-04-18T091420,0,1036,2023-03-13,0,0,0,62
943,1005,course-v1:ColumbiaX+CPC+1T2022,2024-04-18T091420,0,1037,2023-03-14,0,0,0,62
943,1005,course-v1:ColumbiaX+CPC+1T2022,2024-04-18T091420,0,1037,2023-03-15,0,0,0,62
946,1008,course-v1:ColumbiaX+CPC+1T2022,2024-04-18T091420,0,1040,2023-03-16,0,0,0,62
950,1012,course-v1:ColumbiaX+CPC+1T2022,2024-04-18T091420,0,1044,2023-03-17,0,0,0,62
952,1015,course-v1:ColumbiaX+CPC+1T2022,2024-04-18T091420,0,1047,2023-03-18,0,0,0,63
954,1017,course-v1:ColumbiaX+CPC+1T2022,2024-04-18T091420,0,1049,2023-03-19,0,0,0,63
958,1021,course-v1:ColumbiaX+CPC+1T2022,2024-04-18T091420,0,1053,2023-03-20,0,0,0,63
960,1023,course-v1:ColumbiaX+CPC+1T2022,2024-04-18T091420,0,1055,2023-03-21,0,0,0,63
963,1026,course-v1:ColumbiaX+CPC+1T2022,2024-04-18T091420,0,1058,2023-03-22,0,0,0,63
965,1028,course-v1:ColumbiaX+CPC+1T2022,2024-04-18T091420,0,1060,2023-03-23,0,0,0,63
967,1030,course-v1:ColumbiaX+CPC+1T2022,2024-04-18T091420,0,1062,2023-03-24,0,0,0,63
967,1030,course-v1:ColumbiaX+CPC+1T2022,2024-04-18T091420,0,1062,2023-03-25,0,0,0,63
968,1032,course-v1:ColumbiaX+CPC+1T2022,2024-04-18T091420,0,1064,2023-03-26,0,0,0,64
972,1036,course-v1:ColumbiaX+CPC+1T2022,2024-04-18T091420,0,1068,2023-03-27,0,0,0,64
976,1040,course-v1:ColumbiaX+CPC+1T2022,2024-04-18T091420,0,1072,2023-03-28,0,0,0,64
978,1042,course-v1:ColumbiaX+CPC+1T2022,2024-04-18T091420,0,1074,2023-03-29,0,0,0,64
980,1044,course-v1:ColumbiaX+CPC+1T2022,2024-04-18T091420,0,1076,2023-03-30,0,0,0,64
979,1043,course-v1:ColumbiaX+CPC+1T2022,2024-04-18T091420,0,1076,2023-03-31,0,0,0,64
978,1042,course-v1:ColumbiaX+CPC+1T2022,2024-04-18T091420,0,1076,2023-04-01,0,0,0,64
978,1042,course-v1:ColumbiaX+CPC+1T2022,2024-04-18T091420,0,1076,2023-04-02,0,0,0,64
980,1044,course-v1:ColumbiaX+CPC+1T2022,2024-04-18T091420,0,1078,2023-04-03,0,0,0,64
983,1047,course-v1:ColumbiaX+CPC+1T2022,2024-04-18T091420,0,1081,2023-04-04,0,0,0,64
984,1048,course-v1:ColumbiaX+CPC+1T2022,2024-04-18T091420,0,1082,2023-04-05,0,0,0,64
984,1048,course-v1:ColumbiaX+CPC+1T2022,2024-04-18T091420,0,1083,2023-04-06,0,0,0,64
984,1049,course-v1:ColumbiaX+CPC+1T2022,2024-04-18T091420,0,1084,2023-04-07,0,0,0,65
984,1049,course-v1:ColumbiaX+CPC+1T2022,2024-04-18T091420,0,1084,2023-04-08,0,0,0,65
985,1050,course-v1:ColumbiaX+CPC+1T2022,2024-04-18T091420,0,1085,2023-04-09,0,0,0,65
986,1051,course-v1:ColumbiaX+CPC+1T2022,2024-04-18T091420,0,1086,2023-04-10,0,0,0,65
988,1053,course-v1:ColumbiaX+CPC+1T2022,2024-04-18T091420,0,1088,2023-04-11,0,0,0,65
990,1055,course-v1:ColumbiaX+CPC+1T2022,2024-04-18T091420,0,1090,2023-04-12,0,0,0,65
990,1055,course-v1:ColumbiaX+CPC+1T2022,2024-04-18T091420,0,1090,2023-04-13,0,0,0,65
991,1056,course-v1:ColumbiaX+CPC+1T2022,2024-04-18T091420,0,1091,2023-04-14,0,0,0,65
992,1057,course-v1:ColumbiaX+CPC+1T2022,2024-04-18T091420,0,1093,2023-04-15,0,0,0,65
1001,1066,course-v1:ColumbiaX+CPC+1T2022,2024-04-18T091420,0,1102,2023-04-16,0,0,0,65
1009,1074,course-v1:ColumbiaX+CPC+1T2022,2024-04-18T091420,0,1110,2023-04-17,0,0,0,65
1016,1081,course-v1:ColumbiaX+CPC+1T2022,2024-04-18T091420,0,1117,2023-04-18,0,0,0,65
1016,1081,course-v1:ColumbiaX+CPC+1T2022,2024-04-18T091420,0,1118,2023-04-19,0,0,0,65
1018,1083,course-v1:ColumbiaX+CPC+1T2022,2024-04-18T091420,0,1120,2023-04-20,0,0,0,65
1018,1083,course-v1:ColumbiaX+CPC+1T2022,2024-04-18T091420,0,1120,2023-04-21,0,0,0,65
1019,1085,course-v1:ColumbiaX+CPC+1T2022,2024-04-18T091420,0,1122,2023-04-22,0,0,0,66
1020,1087,course-v1:ColumbiaX+CPC+1T2022,2024-04-18T091420,0,1124,2023-04-23,0,0,0,67
1019,1088,course-v1:ColumbiaX+CPC+1T2022,2024-04-18T091420,0,1125,2023-04-24,0,0,0,69
1020,1089,course-v1:ColumbiaX+CPC+1T2022,2024-04-18T091420,0,1126,2023-04-25,0,0,0,69
1022,1091,course-v1:ColumbiaX+CPC+1T2022,2024-04-18T091420,0,1128,2023-04-26,0,0,0,69
1022,1091,course-v1:ColumbiaX+CPC+1T2022,2024-04-18T091420,0,1128,2023-04-27,0,0,0,69
1024,1093,course-v1:ColumbiaX+CPC+1T2022,2024-04-18T091420,0,1130,2023-04-28,0,0,0,69
1024,1093,course-v1:ColumbiaX+CPC+1T2022,2024-04-18T091420,0,1130,2023-04-29,0,0,0,69
1024,1093,course-v1:ColumbiaX+CPC+1T2022,2024-04-18T091420,0,1131,2023-04-30,0,0,0,69
1026,1095,course-v1:ColumbiaX+CPC+1T2022,2024-04-18T091420,0,1134,2023-05-01,0,0,0,69
1027,1096,course-v1:ColumbiaX+CPC+1T2022,2024-04-18T091420,0,1135,2023-05-02,0,0,0,69
1027,1096,course-v1:ColumbiaX+CPC+1T2022,2024-04-18T091420,0,1135,2023-05-03,0,0,0,69
1031,1100,course-v1:ColumbiaX+CPC+1T2022,2024-04-18T091420,0,1139,2023-05-04,0,0,0,69
1032,1101,course-v1:ColumbiaX+CPC+1T2022,2024-04-18T091420,0,1140,2023-05-05,0,0,0,69
1035,1104,course-v1:ColumbiaX+CPC+1T2022,2024-04-18T091420,0,1143,2023-05-06,0,0,0,69
1035,1104,course-v1:ColumbiaX+CPC+1T2022,2024-04-18T091420,0,1143,2023-05-07,0,0,0,69
1039,1108,course-v1:ColumbiaX+CPC+1T2022,2024-04-18T091420,0,1147,2023-05-08,0,0,0,69
1041,1110,course-v1:ColumbiaX+CPC+1T2022,2024-04-18T091420,0,1149,2023-05-09,0,0,0,69
1043,1112,course-v1:ColumbiaX+CPC+1T2022,2024-04-18T091420,0,1151,2023-05-10,0,0,0,69
1044,1113,course-v1:ColumbiaX+CPC+1T2022,2024-04-18T091420,0,1152,2023-05-11,0,0,0,69
1047,1116,course-v1:ColumbiaX+CPC+1T2022,2024-04-18T091420,0,1155,2023-05-12,0,0,0,69
1051,1120,course-v1:ColumbiaX+CPC+1T2022,2024-04-18T091420,0,1159,2023-05-13,0,0,0,69
1051,1120,course-v1:ColumbiaX+CPC+1T2022,2024-04-18T091420,0,1159,2023-05-14,0,0,0,69
1053,1123,course-v1:ColumbiaX+CPC+1T2022,2024-04-18T091420,0,1162,2023-05-15,0,0,0,70
1056,1126,course-v1:ColumbiaX+CPC+1T2022,2024-04-18T091420,0,1165,2023-05-16,0,0,0,70
1056,1126,course-v1:ColumbiaX+CPC+1T2022,2024-04-18T091420,0,1165,2023-05-17,0,0,0,70
1059,1129,course-v1:ColumbiaX+CPC+1T2022,2024-04-18T091420,0,1169,2023-05-18,0,0,0,70
1063,1133,course-v1:ColumbiaX+CPC+1T2022,2024-04-18T091420,0,1173,2023-05-19,0,0,0,70
1064,1134,course-v1:ColumbiaX+CPC+1T2022,2024-04-18T091420,0,1174,2023-05-20,0,0,0,70
1066,1136,course-v1:ColumbiaX+CPC+1T2022,2024-04-18T091420,0,1178,2023-05-21,0,0,0,70
1066,1136,course-v1:ColumbiaX+CPC+1T2022,2024-04-18T091420,0,1179,2023-05-22,0,0,0,70
1066,1136,course-v1:ColumbiaX+CPC+1T2022,2024-04-18T091420,0,1179,2023-05-23,0,0,0,70
1068,1138,course-v1:ColumbiaX+CPC+1T2022,2024-04-18T091420,0,1181,2023-05-24,0,0,0,70
1068,1138,course-v1:ColumbiaX+CPC+1T2022,2024-04-18T091420,0,1182,2023-05-25,0,0,0,70
1070,1140,course-v1:ColumbiaX+CPC+1T2022,2024-04-18T091420,0,1184,2023-05-26,0,0,0,70
1070,1140,course-v1:ColumbiaX+CPC+1T2022,2024-04-18T091420,0,1184,2023-05-27,0,0,0,70
1073,1143,course-v1:ColumbiaX+CPC+1T2022,2024-04-18T091420,0,1187,2023-05-28,0,0,0,70
1074,1144,course-v1:ColumbiaX+CPC+1T2022,2024-04-18T091420,0,1188,2023-05-29,0,0,0,70
1077,1147,course-v1:ColumbiaX+CPC+1T2022,2024-04-18T091420,0,1191,2023-05-30,0,0,0,70
1077,1147,course-v1:ColumbiaX+CPC+1T2022,2024-04-18T091420,0,1192,2023-05-31,0,0,0,70
1077,1147,course-v1:ColumbiaX+CPC+1T2022,2024-04-18T091420,0,1193,2023-06-01,0,0,0,70
1079,1149,course-v1:ColumbiaX+CPC+1T2022,2024-04-18T091420,0,1195,2023-06-02,0,0,0,70
1079,1150,course-v1:ColumbiaX+CPC+1T2022,2024-04-18T091420,0,1197,2023-06-03,0,0,0,71
1080,1151,course-v1:ColumbiaX+CPC+1T2022,2024-04-18T091420,0,1198,2023-06-04,0,0,0,71
1081,1152,course-v1:ColumbiaX+CPC+1T2022,2024-04-18T091420,0,1199,2023-06-05,0,0,0,71
1082,1153,course-v1:ColumbiaX+CPC+1T2022,2024-04-18T091420,0,1200,2023-06-06,0,0,0,71
1082,1153,course-v1:ColumbiaX+CPC+1T2022,2024-04-18T091420,0,1200,2023-06-07,0,0,0,71
1084,1155,course-v1:ColumbiaX+CPC+1T2022,2024-04-18T091420,0,1202,2023-06-08,0,0,0,71
1086,1158,course-v1:ColumbiaX+CPC+1T2022,2024-04-18T091420,0,1205,2023-06-09,0,0,0,72
1087,1160,course-v1:ColumbiaX+CPC+1T2022,2024-04-18T091420,0,1207,2023-06-10,0,0,0,73
1087,1160,course-v1:ColumbiaX+CPC+1T2022,2024-04-18T091420,0,1207,2023-06-11,0,0,0,73
1089,1162,course-v1:ColumbiaX+CPC+1T2022,2024-04-18T091420,0,1209,2023-06-12,0,0,0,73
1092,1165,course-v1:ColumbiaX+CPC+1T2022,2024-04-18T091420,0,1212,2023-06-13,0,0,0,73
1092,1165,course-v1:ColumbiaX+CPC+1T2022,2024-04-18T091420,0,1214,2023-06-14,0,0,0,73
1094,1167,course-v1:ColumbiaX+CPC+1T2022,2024-04-18T091420,0,1216,2023-06-15,0,0,0,73
1098,1172,course-v1:ColumbiaX+CPC+1T2022,2024-04-18T091420,0,1221,2023-06-16,0,0,0,74
1099,1173,course-v1:ColumbiaX+CPC+1T2022,2024-04-18T091420,0,1222,2023-06-17,0,0,0,74
1101,1175,course-v1:ColumbiaX+CPC+1T2022,2024-04-18T091420,0,1224,2023-06-18,0,0,0,74
1102,1176,course-v1:ColumbiaX+CPC+1T2022,2024-04-18T091420,0,1226,2023-06-19,0,0,0,74
1105,1179,course-v1:ColumbiaX+CPC+1T2022,2024-04-18T091420,0,1229,2023-06-20,0,0,0,74
1107,1181,course-v1:ColumbiaX+CPC+1T2022,2024-04-18T091420,0,1231,2023-06-21,0,0,0,74
1109,1183,course-v1:ColumbiaX+CPC+1T2022,2024-04-18T091420,0,1233,2023-06-22,0,0,0,74
1110,1184,course-v1:ColumbiaX+CPC+1T2022,2024-04-18T091420,0,1234,2023-06-23,0,0,0,74
1110,1184,course-v1:ColumbiaX+CPC+1T2022,2024-04-18T091420,0,1234,2023-06-24,0,0,0,74
1110,1184,course-v1:ColumbiaX+CPC+1T2022,2024-04-18T091420,0,1234,2023-06-25,0,0,0,74
1114,1188,course-v1:ColumbiaX+CPC+1T2022,2024-04-18T091420,0,1238,2023-06-26,0,0,0,74
1115,1189,course-v1:ColumbiaX+CPC+1T2022,2024-04-18T091420,0,1239,2023-06-27,0,0,0,74
1118,1192,course-v1:ColumbiaX+CPC+1T2022,2024-04-18T091420,0,1243,2023-06-28,0,0,0,74
1121,1195,course-v1:ColumbiaX+CPC+1T2022,2024-04-18T091420,0,1246,2023-06-29,0,0,0,74
1121,1195,course-v1:ColumbiaX+CPC+1T2022,2024-04-18T091420,0,1247,2023-06-30,0,0,0,74
1122,1196,course-v1:ColumbiaX+CPC+1T2022,2024-04-18T091420,0,1248,2023-07-01,0,0,0,74
1123,1197,course-v1:ColumbiaX+CPC+1T2022,2024-04-18T091420,0,1249,2023-07-02,0,0,0,74
1124,1198,course-v1:ColumbiaX+CPC+1T2022,2024-04-18T091420,0,1250,2023-07-03,0,0,0,74
1125,1200,course-v1:ColumbiaX+CPC+1T2022,2024-04-18T091420,0,1252,2023-07-04,0,0,0,75
1129,1204,course-v1:ColumbiaX+CPC+1T2022,2024-04-18T091420,0,1256,2023-07-05,0,0,0,75
1130,1205,course-v1:ColumbiaX+CPC+1T2022,2024-04-18T091420,0,1257,2023-07-06,0,0,0,75
1132,1207,course-v1:ColumbiaX+CPC+1T2022,2024-04-18T091420,0,1259,2023-07-07,0,0,0,75
1132,1207,course-v1:ColumbiaX+CPC+1T2022,2024-04-18T091420,0,1259,2023-07-08,0,0,0,75
1133,1208,course-v1:ColumbiaX+CPC+1T2022,2024-04-18T091420,0,1260,2023-07-09,0,0,0,75
1136,1212,course-v1:ColumbiaX+CPC+1T2022,2024-04-18T091420,0,1263,2023-07-10,0,0,0,76
1138,1214,course-v1:ColumbiaX+CPC+1T2022,2024-04-18T091420,0,1266,2023-07-11,0,0,0,76
1138,1214,course-v1:ColumbiaX+CPC+1T2022,2024-04-18T091420,0,1267,2023-07-12,0,0,0,76
1137,1213,course-v1:ColumbiaX+CPC+1T2022,2024-04-18T091420,0,1267,2023-07-13,0,0,0,76
1137,1213,course-v1:ColumbiaX+CPC+1T2022,2024-04-18T091420,0,1267,2023-07-14,0,0,0,76
1138,1214,course-v1:ColumbiaX+CPC+1T2022,2024-04-18T091420,0,1268,2023-07-15,0,0,0,76
1138,1214,course-v1:ColumbiaX+CPC+1T2022,2024-04-18T091420,0,1268,2023-07-16,0,0,0,76
1140,1216,course-v1:ColumbiaX+CPC+1T2022,2024-04-18T091420,0,1270,2023-07-17,0,0,0,76
1142,1219,course-v1:ColumbiaX+CPC+1T2022,2024-04-18T091420,0,1273,2023-07-18,0,0,0,77
1144,1221,course-v1:ColumbiaX+CPC+1T2022,2024-04-18T091420,0,1275,2023-07-19,0,0,0,77
1146,1224,course-v1:ColumbiaX+CPC+1T2022,2024-04-18T091420,0,1279,2023-07-20,0,0,0,78
1147,1225,course-v1:ColumbiaX+CPC+1T2022,2024-04-18T091420,0,1280,2023-07-21,0,0,0,78
1149,1227,course-v1:ColumbiaX+CPC+1T2022,2024-04-18T091420,0,1282,2023-07-22,0,0,0,78
1149,1227,course-v1:ColumbiaX+CPC+1T2022,2024-04-18T091420,0,1282,2023-07-23,0,0,0,78
1150,1228,course-v1:ColumbiaX+CPC+1T2022,2024-04-18T091420,0,1283,2023-07-24,0,0,0,78
1151,1229,course-v1:ColumbiaX+CPC+1T2022,2024-04-18T091420,0,1284,2023-07-25,0,0,0,78
1152,1230,course-v1:ColumbiaX+CPC+1T2022,2024-04-18T091420,0,1285,2023-07-26,0,0,0,78
1151,1229,course-v1:ColumbiaX+CPC+1T2022,2024-04-18T091420,0,1286,2023-07-27,0,0,0,78
1152,1230,course-v1:ColumbiaX+CPC+1T2022,2024-04-18T091420,0,1287,2023-07-28,0,0,0,78
1153,1231,course-v1:ColumbiaX+CPC+1T2022,2024-04-18T091420,0,1288,2023-07-29,0,0,0,78
1156,1234,course-v1:ColumbiaX+CPC+1T2022,2024-04-18T091420,0,1291,2023-07-30,0,0,0,78
1158,1236,course-v1:ColumbiaX+CPC+1T2022,2024-04-18T091420,0,1293,2023-07-31,0,0,0,78
1160,1238,course-v1:ColumbiaX+CPC+1T2022,2024-04-18T091420,0,1295,2023-08-01,0,0,0,78
1163,1241,course-v1:ColumbiaX+CPC+1T2022,2024-04-18T091420,0,1299,2023-08-02,0,0,0,78
1166,1244,course-v1:ColumbiaX+CPC+1T2022,2024-04-18T091420,0,1302,2023-08-03,0,0,0,78
1169,1247,course-v1:ColumbiaX+CPC+1T2022,2024-04-18T091420,0,1305,2023-08-04,0,0,0,78
1173,1251,course-v1:ColumbiaX+CPC+1T2022,2024-04-18T091420,0,1309,2023-08-05,0,0,0,78
1175,1253,course-v1:ColumbiaX+CPC+1T2022,2024-04-18T091420,0,1311,2023-08-06,0,0,0,78
1175,1253,course-v1:ColumbiaX+CPC+1T2022,2024-04-18T091420,0,1311,2023-08-07,0,0,0,78
1177,1255,course-v1:ColumbiaX+CPC+1T2022,2024-04-18T091420,0,1313,2023-08-08,0,0,0,78
1176,1255,course-v1:ColumbiaX+CPC+1T2022,2024-04-18T091420,0,1313,2023-08-09,0,0,0,79
1177,1257,course-v1:ColumbiaX+CPC+1T2022,2024-04-18T091420,0,1315,2023-08-10,0,0,0,80
1177,1257,course-v1:ColumbiaX+CPC+1T2022,2024-04-18T091420,0,1315,2023-08-11,0,0,0,80
1178,1259,course-v1:ColumbiaX+CPC+1T2022,2024-04-18T091420,0,1317,2023-08-12,0,0,0,81
1178,1259,course-v1:ColumbiaX+CPC+1T2022,2024-04-18T091420,0,1318,2023-08-13,0,0,0,81
1179,1260,course-v1:ColumbiaX+CPC+1T2022,2024-04-18T091420,0,1319,2023-08-14,0,0,0,81
1178,1260,course-v1:ColumbiaX+CPC+1T2022,2024-04-18T091420,0,1319,2023-08-15,0,0,0,82
1180,1262,course-v1:ColumbiaX+CPC+1T2022,2024-04-18T091420,0,1321,2023-08-16,0,0,0,82
1180,1262,course-v1:ColumbiaX+CPC+1T2022,2024-04-18T091420,0,1321,2023-08-17,0,0,0,82
1182,1264,course-v1:ColumbiaX+CPC+1T2022,2024-04-18T091420,0,1323,2023-08-18,0,0,0,82
1186,1268,course-v1:ColumbiaX+CPC+1T2022,2024-04-18T091420,0,1327,2023-08-19,0,0,0,82
1185,1268,course-v1:ColumbiaX+CPC+1T2022,2024-04-18T091420,0,1327,2023-08-20,0,0,0,83
1185,1268,course-v1:ColumbiaX+CPC+1T2022,2024-04-18T091420,0,1327,2023-08-21,0,0,0,83
1187,1270,course-v1:ColumbiaX+CPC+1T2022,2024-04-18T091420,0,1329,2023-08-22,0,0,0,83
1190,1274,course-v1:ColumbiaX+CPC+1T2022,2024-04-18T091420,0,1333,2023-08-23,0,0,0,84
1192,1276,course-v1:ColumbiaX+CPC+1T2022,2024-04-18T091420,0,1335,2023-08-24,0,0,0,84
1195,1279,course-v1:ColumbiaX+CPC+1T2022,2024-04-18T091420,0,1338,2023-08-25,0,0,0,84
1195,1280,course-v1:ColumbiaX+CPC+1T2022,2024-04-18T091420,0,1340,2023-08-26,0,0,0,85
1196,1281,course-v1:ColumbiaX+CPC+1T2022,2024-04-18T091420,0,1341,2023-08-27,0,0,0,85
1202,1287,course-v1:ColumbiaX+CPC+1T2022,2024-04-18T091420,0,1347,2023-08-28,0,0,0,85
1205,1290,course-v1:ColumbiaX+CPC+1T2022,2024-04-18T091420,0,1350,2023-08-29,0,0,0,85
1206,1291,course-v1:ColumbiaX+CPC+1T2022,2024-04-18T091420,0,1352,2023-08-30,0,0,0,85
1208,1294,course-v1:ColumbiaX+CPC+1T2022,2024-04-18T091420,0,1355,2023-08-31,0,0,0,86
1210,1295,course-v1:ColumbiaX+CPC+1T2022,2024-04-18T091420,0,1356,2023-09-01,0,0,0,85
1211,1296,course-v1:ColumbiaX+CPC+1T2022,2024-04-18T091420,0,1357,2023-09-02,0,0,0,85
1213,1298,course-v1:ColumbiaX+CPC+1T2022,2024-04-18T091420,0,1359,2023-09-03,0,0,0,85
1214,1299,course-v1:ColumbiaX+CPC+1T2022,2024-04-18T091420,0,1360,2023-09-04,0,0,0,85
1215,1300,course-v1:ColumbiaX+CPC+1T2022,2024-04-18T091420,0,1361,2023-09-05,0,0,0,85
1216,1301,course-v1:ColumbiaX+CPC+1T2022,2024-04-18T091420,0,1362,2023-09-06,0,0,0,85
1216,1301,course-v1:ColumbiaX+CPC+1T2022,2024-04-18T091420,0,1362,2023-09-07,0,0,0,85
1216,1301,course-v1:ColumbiaX+CPC+1T2022,2024-04-18T091420,0,1362,2023-09-08,0,0,0,85
1215,1300,course-v1:ColumbiaX+CPC+1T2022,2024-04-18T091420,0,1362,2023-09-09,0,0,0,85
1216,1301,course-v1:ColumbiaX+CPC+1T2022,2024-04-18T091420,0,1363,2023-09-10,0,0,0,85
1216,1301,course-v1:ColumbiaX+CPC+1T2022,2024-04-18T091420,0,1363,2023-09-11,0,0,0,85
1217,1302,course-v1:ColumbiaX+CPC+1T2022,2024-04-18T091420,0,1364,2023-09-12,0,0,0,85
1218,1303,course-v1:ColumbiaX+CPC+1T2022,2024-04-18T091420,0,1365,2023-09-13,0,0,0,85
1218,1303,course-v1:ColumbiaX+CPC+1T2022,2024-04-18T091420,0,1365,2023-09-14,0,0,0,85
1220,1306,course-v1:ColumbiaX+CPC+1T2022,2024-04-18T091420,0,1368,2023-09-15,0,0,0,86
1220,1306,course-v1:ColumbiaX+CPC+1T2022,2024-04-18T091420,0,1368,2023-09-16,0,0,0,86
1220,1306,course-v1:ColumbiaX+CPC+1T2022,2024-04-18T091420,0,1368,2023-09-17,0,0,0,86
1222,1308,course-v1:ColumbiaX+CPC+1T2022,2024-04-18T091420,0,1370,2023-09-18,0,0,0,86
1224,1310,course-v1:ColumbiaX+CPC+1T2022,2024-04-18T091420,0,1372,2023-09-19,0,0,0,86
1224,1310,course-v1:ColumbiaX+CPC+1T2022,2024-04-18T091420,0,1372,2023-09-20,0,0,0,86
1225,1311,course-v1:ColumbiaX+CPC+1T2022,2024-04-18T091420,0,1373,2023-09-21,0,0,0,86
1227,1313,course-v1:ColumbiaX+CPC+1T2022,2024-04-18T091420,0,1375,2023-09-22,0,0,0,86
1227,1313,course-v1:ColumbiaX+CPC+1T2022,2024-04-18T091420,0,1375,2023-09-23,0,0,0,86
1227,1313,course-v1:ColumbiaX+CPC+1T2022,2024-04-18T091420,0,1375,2023-09-24,0,0,0,86
1231,1317,course-v1:ColumbiaX+CPC+1T2022,2024-04-18T091420,0,1379,2023-09-25,0,0,0,86
1233,1319,course-v1:ColumbiaX+CPC+1T2022,2024-04-18T091420,0,1381,2023-09-26,0,0,0,86
1233,1319,course-v1:ColumbiaX+CPC+1T2022,2024-04-18T091420,0,1381,2023-09-27,0,0,0,86
1236,1322,course-v1:ColumbiaX+CPC+1T2022,2024-04-18T091420,0,1384,2023-09-28,0,0,0,86
1236,1324,course-v1:ColumbiaX+CPC+1T2022,2024-04-18T091420,0,1386,2023-09-29,0,0,0,88
1238,1326,course-v1:ColumbiaX+CPC+1T2022,2024-04-18T091420,0,1388,2023-09-30,0,0,0,88
1239,1327,course-v1:ColumbiaX+CPC+1T2022,2024-04-18T091420,0,1389,2023-10-01,0,0,0,88
1241,1330,course-v1:ColumbiaX+CPC+1T2022,2024-04-18T091420,0,1392,2023-10-02,0,0,0,89
1241,1330,course-v1:ColumbiaX+CPC+1T2022,2024-04-18T091420,0,1392,2023-10-03,0,0,0,89
1243,1332,course-v1:ColumbiaX+CPC+1T2022,2024-04-18T091420,0,1394,2023-10-04,0,0,0,89
1243,1332,course-v1:ColumbiaX+CPC+1T2022,2024-04-18T091420,0,1394,2023-10-05,0,0,0,89
1247,1336,course-v1:ColumbiaX+CPC+1T2022,2024-04-18T091420,0,1398,2023-10-06,0,0,0,89
1248,1337,course-v1:ColumbiaX+CPC+1T2022,2024-04-18T091420,0,1399,2023-10-07,0,0,0,89
1250,1339,course-v1:ColumbiaX+CPC+1T2022,2024-04-18T091420,0,1401,2023-10-08,0,0,0,89
1251,1340,course-v1:ColumbiaX+CPC+1T2022,2024-04-18T091420,0,1402,2023-10-09,0,0,0,89
1255,1344,course-v1:ColumbiaX+CPC+1T2022,2024-04-18T091420,0,1406,2023-10-10,0,0,0,89
1256,1346,course-v1:ColumbiaX+CPC+1T2022,2024-04-18T091420,0,1408,2023-10-11,0,0,0,90
1257,1347,course-v1:ColumbiaX+CPC+1T2022,2024-04-18T091420,0,1410,2023-10-12,0,0,0,90
1258,1348,course-v1:ColumbiaX+CPC+1T2022,2024-04-18T091420,0,1411,2023-10-13,0,0,0,90
1259,1349,course-v1:ColumbiaX+CPC+1T2022,2024-04-18T091420,0,1412,2023-10-14,0,0,0,90
1260,1350,course-v1:ColumbiaX+CPC+1T2022,2024-04-18T091420,0,1413,2023-10-15,0,0,0,90
1288,1378,course-v1:ColumbiaX+CPC+1T2022,2024-04-18T091420,0,1441,2023-10-16,0,0,0,90
1300,1391,course-v1:ColumbiaX+CPC+1T2022,2024-04-18T091420,0,1454,2023-10-17,0,0,0,91
1312,1404,course-v1:ColumbiaX+CPC+1T2022,2024-04-18T091420,0,1467,2023-10-18,0,0,0,92
1319,1411,course-v1:ColumbiaX+CPC+1T2022,2024-04-18T091420,0,1474,2023-10-19,0,0,0,92
1321,1413,course-v1:ColumbiaX+CPC+1T2022,2024-04-18T091420,0,1476,2023-10-20,0,0,0,92
1321,1413,course-v1:ColumbiaX+CPC+1T2022,2024-04-18T091420,0,1476,2023-10-21,0,0,0,92
1325,1418,course-v1:ColumbiaX+CPC+1T2022,2024-04-18T091420,0,1481,2023-10-22,0,0,0,93
1334,1427,course-v1:ColumbiaX+CPC+1T2022,2024-04-18T091420,0,1491,2023-10-23,0,0,0,93
1336,1429,course-v1:ColumbiaX+CPC+1T2022,2024-04-18T091420,0,1493,2023-10-24,0,0,0,93
1341,1434,course-v1:ColumbiaX+CPC+1T2022,2024-04-18T091420,0,1498,2023-10-25,0,0,0,93
1341,1434,course-v1:ColumbiaX+CPC+1T2022,2024-04-18T091420,0,1498,2023-10-26,0,0,0,93
1343,1436,course-v1:ColumbiaX+CPC+1T2022,2024-04-18T091420,0,1500,2023-10-27,0,0,0,93
1343,1437,course-v1:ColumbiaX+CPC+1T2022,2024-04-18T091420,0,1501,2023-10-28,0,0,0,94
1344,1439,course-v1:ColumbiaX+CPC+1T2022,2024-04-18T091420,0,1502,2023-10-29,0,0,0,95
1346,1441,course-v1:ColumbiaX+CPC+1T2022,2024-04-18T091420,0,1504,2023-10-30,0,0,0,95
1346,1442,course-v1:ColumbiaX+CPC+1T2022,2024-04-18T091420,0,1505,2023-10-31,0,0,0,96
1345,1442,course-v1:ColumbiaX+CPC+1T2022,2024-04-18T091420,0,1506,2023-11-01,0,0,0,97
1347,1444,course-v1:ColumbiaX+CPC+1T2022,2024-04-18T091420,0,1508,2023-11-02,0,0,0,97
1350,1447,course-v1:ColumbiaX+CPC+1T2022,2024-04-18T091420,0,1511,2023-11-03,0,0,0,97
1350,1447,course-v1:ColumbiaX+CPC+1T2022,2024-04-18T091420,0,1511,2023-11-04,0,0,0,97
1351,1448,course-v1:ColumbiaX+CPC+1T2022,2024-04-18T091420,0,1512,2023-11-05,0,0,0,97
1352,1449,course-v1:ColumbiaX+CPC+1T2022,2024-04-18T091420,0,1513,2023-11-06,0,0,0,97
1355,1453,course-v1:ColumbiaX+CPC+1T2022,2024-04-18T091420,0,1517,2023-11-07,0,0,0,98
1355,1453,course-v1:ColumbiaX+CPC+1T2022,2024-04-18T091420,0,1517,2023-11-08,0,0,0,98
1355,1453,course-v1:ColumbiaX+CPC+1T2022,2024-04-18T091420,0,1517,2023-11-09,0,0,0,98
1356,1454,course-v1:ColumbiaX+CPC+1T2022,2024-04-18T091420,0,1518,2023-11-10,0,0,0,98
1356,1454,course-v1:ColumbiaX+CPC+1T2022,2024-04-18T091420,0,1518,2023-11-11,0,0,0,98
1357,1455,course-v1:ColumbiaX+CPC+1T2022,2024-04-18T091420,0,1519,2023-11-12,0,0,0,98
1359,1457,course-v1:ColumbiaX+CPC+1T2022,2024-04-18T091420,0,1522,2023-11-13,0,0,0,98
1361,1461,course-v1:ColumbiaX+CPC+1T2022,2024-04-18T091420,0,1526,2023-11-14,0,0,0,100
1365,1465,course-v1:ColumbiaX+CPC+1T2022,2024-04-18T091420,0,1530,2023-11-15,0,0,0,100
1367,1467,course-v1:ColumbiaX+CPC+1T2022,2024-04-18T091420,0,1532,2023-11-16,0,0,0,100
1367,1468,course-v1:ColumbiaX+CPC+1T2022,2024-04-18T091420,0,1533,2023-11-17,0,0,0,101
1367,1468,course-v1:ColumbiaX+CPC+1T2022,2024-04-18T091420,0,1533,2023-11-18,0,0,0,101
1369,1470,course-v1:ColumbiaX+CPC+1T2022,2024-04-18T091420,0,1535,2023-11-19,0,0,0,101
1369,1470,course-v1:ColumbiaX+CPC+1T2022,2024-04-18T091420,0,1535,2023-11-20,0,0,0,101
1374,1475,course-v1:ColumbiaX+CPC+1T2022,2024-04-18T091420,0,1540,2023-11-21,0,0,0,101
1375,1476,course-v1:ColumbiaX+CPC+1T2022,2024-04-18T091420,0,1541,2023-11-22,0,0,0,101
1378,1479,course-v1:ColumbiaX+CPC+1T2022,2024-04-18T091420,0,1544,2023-11-23,0,0,0,101
1379,1480,course-v1:ColumbiaX+CPC+1T2022,2024-04-18T091420,0,1545,2023-11-24,0,0,0,101
1379,1480,course-v1:ColumbiaX+CPC+1T2022,2024-04-18T091420,0,1546,2023-11-25,0,0,0,101
1379,1480,course-v1:ColumbiaX+CPC+1T2022,2024-04-18T091420,0,1546,2023-11-26,0,0,0,101
1380,1481,course-v1:ColumbiaX+CPC+1T2022,2024-04-18T091420,0,1547,2023-11-27,0,0,0,101
1379,1480,course-v1:ColumbiaX+CPC+1T2022,2024-04-18T091420,0,1547,2023-11-28,0,0,0,101
1382,1483,course-v1:ColumbiaX+CPC+1T2022,2024-04-18T091420,0,1550,2023-11-29,0,0,0,101
1381,1483,course-v1:ColumbiaX+CPC+1T2022,2024-04-18T091420,0,1550,2023-11-30,0,0,0,102
1382,1484,course-v1:ColumbiaX+CPC+1T2022,2024-04-18T091420,0,1552,2023-12-01,0,0,0,102
1381,1483,course-v1:ColumbiaX+CPC+1T2022,2024-04-18T091420,0,1552,2023-12-02,0,0,0,102
1382,1484,course-v1:ColumbiaX+CPC+1T2022,2024-04-18T091420,0,1553,2023-12-03,0,0,0,102
1384,1486,course-v1:ColumbiaX+CPC+1T2022,2024-04-18T091420,0,1555,2023-12-04,0,0,0,102
1384,1487,course-v1:ColumbiaX+CPC+1T2022,2024-04-18T091420,0,1556,2023-12-05,0,0,0,103
1385,1488,course-v1:ColumbiaX+CPC+1T2022,2024-04-18T091420,0,1557,2023-12-06,0,0,0,103
1388,1491,course-v1:ColumbiaX+CPC+1T2022,2024-04-18T091420,0,1560,2023-12-07,0,0,0,103
1393,1497,course-v1:ColumbiaX+CPC+1T2022,2024-04-18T091420,0,1566,2023-12-08,0,0,0,104
1395,1500,course-v1:ColumbiaX+CPC+1T2022,2024-04-18T091420,0,1569,2023-12-09,0,0,0,105
1398,1503,course-v1:ColumbiaX+CPC+1T2022,2024-04-18T091420,0,1572,2023-12-10,0,0,0,105
1399,1504,course-v1:ColumbiaX+CPC+1T2022,2024-04-18T091420,0,1573,2023-12-11,0,0,0,105
1403,1508,course-v1:ColumbiaX+CPC+1T2022,2024-04-18T091420,0,1577,2023-12-12,0,0,0,105
1406,1511,course-v1:ColumbiaX+CPC+1T2022,2024-04-18T091420,0,1580,2023-12-13,0,0,0,105
1407,1514,course-v1:ColumbiaX+CPC+1T2022,2024-04-18T091420,0,1583,2023-12-14,0,0,0,107
1408,1515,course-v1:ColumbiaX+CPC+1T2022,2024-04-18T091420,0,1584,2023-12-15,0,0,0,107
1409,1516,course-v1:ColumbiaX+CPC+1T2022,2024-04-18T091420,0,1585,2023-12-16,0,0,0,107
1411,1518,course-v1:ColumbiaX+CPC+1T2022,2024-04-18T091420,0,1587,2023-12-17,0,0,0,107
1411,1519,course-v1:ColumbiaX+CPC+1T2022,2024-04-18T091420,0,1588,2023-12-18,0,0,0,108
1412,1520,course-v1:ColumbiaX+CPC+1T2022,2024-04-18T091420,0,1589,2023-12-19,0,0,0,108
1412,1520,course-v1:ColumbiaX+CPC+1T2022,2024-04-18T091420,0,1589,2023-12-20,0,0,0,108
1413,1521,course-v1:ColumbiaX+CPC+1T2022,2024-04-18T091420,0,1591,2023-12-21,0,0,0,108
1414,1522,course-v1:ColumbiaX+CPC+1T2022,2024-04-18T091420,0,1592,2023-12-22,0,0,0,108
1414,1522,course-v1:ColumbiaX+CPC+1T2022,2024-04-18T091420,0,1592,2023-12-23,0,0,0,108
1417,1525,course-v1:ColumbiaX+CPC+1T2022,2024-04-18T091420,0,1595,2023-12-24,0,0,0,108
1417,1525,course-v1:ColumbiaX+CPC+1T2022,2024-04-18T091420,0,1595,2023-12-25,0,0,0,108
1421,1529,course-v1:ColumbiaX+CPC+1T2022,2024-04-18T091420,0,1599,2023-12-26,0,0,0,108
1423,1531,course-v1:ColumbiaX+CPC+1T2022,2024-04-18T091420,0,1601,2023-12-27,0,0,0,108
1424,1532,course-v1:ColumbiaX+CPC+1T2022,2024-04-18T091420,0,1602,2023-12-28,0,0,0,108
1427,1536,course-v1:ColumbiaX+CPC+1T2022,2024-04-18T091420,0,1606,2023-12-29,0,0,0,109
1428,1538,course-v1:ColumbiaX+CPC+1T2022,2024-04-18T091420,0,1608,2023-12-30,0,0,0,110
1428,1538,course-v1:ColumbiaX+CPC+1T2022,2024-04-18T091420,0,1608,2023-12-31,0,0,0,110
1428,1539,course-v1:ColumbiaX+CPC+1T2022,2024-04-18T091420,0,1609,2024-01-01,0,0,0,111
1429,1540,course-v1:ColumbiaX+CPC+1T2022,2024-04-18T091420,0,1610,2024-01-02,0,0,0,111
1429,1540,course-v1:ColumbiaX+CPC+1T2022,2024-04-18T091420,0,1610,2024-01-03,0,0,0,111
1428,1539,course-v1:ColumbiaX+CPC+1T2022,2024-04-18T091420,0,1611,2024-01-04,0,0,0,111
1429,1540,course-v1:ColumbiaX+CPC+1T2022,2024-04-18T091420,0,1612,2024-01-05,0,0,0,111
1431,1542,course-v1:ColumbiaX+CPC+1T2022,2024-04-18T091420,0,1614,2024-01-06,0,0,0,111
1433,1542,course-v1:ColumbiaX+CPC+1T2022,2024-04-18T091420,0,1614,2024-01-07,0,0,0,109
1436,1545,course-v1:ColumbiaX+CPC+1T2022,2024-04-18T091420,0,1617,2024-01-08,0,0,0,109
1437,1547,course-v1:ColumbiaX+CPC+1T2022,2024-04-18T091420,0,1619,2024-01-09,0,0,0,110
1439,1549,course-v1:ColumbiaX+CPC+1T2022,2024-04-18T091420,0,1621,2024-01-10,0,0,0,110
1439,1549,course-v1:ColumbiaX+CPC+1T2022,2024-04-18T091420,0,1621,2024-01-11,0,0,0,110
1439,1549,course-v1:ColumbiaX+CPC+1T2022,2024-04-18T091420,0,1621,2024-01-12,0,0,0,110
1441,1551,course-v1:ColumbiaX+CPC+1T2022,2024-04-18T091420,0,1623,2024-01-13,0,0,0,110
1441,1551,course-v1:ColumbiaX+CPC+1T2022,2024-04-18T091420,0,1623,2024-01-14,0,0,0,110
1442,1552,course-v1:ColumbiaX+CPC+1T2022,2024-04-18T091420,0,1624,2024-01-15,0,0,0,110
1442,1552,course-v1:ColumbiaX+CPC+1T2022,2024-04-18T091420,0,1625,2024-01-16,0,0,0,110
1443,1553,course-v1:ColumbiaX+CPC+1T2022,2024-04-18T091420,0,1626,2024-01-17,0,0,0,110
1443,1554,course-v1:ColumbiaX+CPC+1T2022,2024-04-18T091420,0,1627,2024-01-18,0,0,0,111
1445,1556,course-v1:ColumbiaX+CPC+1T2022,2024-04-18T091420,0,1629,2024-01-19,0,0,0,111
1446,1557,course-v1:ColumbiaX+CPC+1T2022,2024-04-18T091420,0,1630,2024-01-20,0,0,0,111
1448,1559,course-v1:ColumbiaX+CPC+1T2022,2024-04-18T091420,0,1632,2024-01-21,0,0,0,111
1451,1562,course-v1:ColumbiaX+CPC+1T2022,2024-04-18T091420,0,1636,2024-01-22,0,0,0,111
1453,1564,course-v1:ColumbiaX+CPC+1T2022,2024-04-18T091420,0,1638,2024-01-23,0,0,0,111
1457,1568,course-v1:ColumbiaX+CPC+1T2022,2024-04-18T091420,0,1642,2024-01-24,0,0,0,111
1458,1569,course-v1:ColumbiaX+CPC+1T2022,2024-04-18T091420,0,1643,2024-01-25,0,0,0,111
1458,1569,course-v1:ColumbiaX+CPC+1T2022,2024-04-18T091420,0,1644,2024-01-26,0,0,0,111
1460,1571,course-v1:ColumbiaX+CPC+1T2022,2024-04-18T091420,0,1646,2024-01-27,0,0,0,111
1460,1571,course-v1:ColumbiaX+CPC+1T2022,2024-04-18T091420,0,1646,2024-01-28,0,0,0,111
1462,1573,course-v1:ColumbiaX+CPC+1T2022,2024-04-18T091420,0,1648,2024-01-29,0,0,0,111
1465,1576,course-v1:ColumbiaX+CPC+1T2022,2024-04-18T091420,0,1651,2024-01-30,0,0,0,111
1466,1577,course-v1:ColumbiaX+CPC+1T2022,2024-04-18T091420,0,1652,2024-01-31,0,0,0,111
1467,1578,course-v1:ColumbiaX+CPC+1T2022,2024-04-18T091420,0,1653,2024-02-01,0,0,0,111
1468,1579,course-v1:ColumbiaX+CPC+1T2022,2024-04-18T091420,0,1654,2024-02-02,0,0,0,111
1470,1581,course-v1:ColumbiaX+CPC+1T2022,2024-04-18T091420,0,1656,2024-02-03,0,0,0,111
1470,1581,course-v1:ColumbiaX+CPC+1T2022,2024-04-18T091420,0,1656,2024-02-04,0,0,0,111
1470,1581,course-v1:ColumbiaX+CPC+1T2022,2024-04-18T091420,0,1656,2024-02-05,0,0,0,111
1475,1587,course-v1:ColumbiaX+CPC+1T2022,2024-04-18T091420,0,1662,2024-02-06,0,0,0,112
1476,1588,course-v1:ColumbiaX+CPC+1T2022,2024-04-18T091420,0,1663,2024-02-07,0,0,0,112
1478,1590,course-v1:ColumbiaX+CPC+1T2022,2024-04-18T091420,0,1665,2024-02-08,0,0,0,112
1479,1591,course-v1:ColumbiaX+CPC+1T2022,2024-04-18T091420,0,1666,2024-02-09,0,0,0,112
1480,1592,course-v1:ColumbiaX+CPC+1T2022,2024-04-18T091420,0,1667,2024-02-10,0,0,0,112
1483,1595,course-v1:ColumbiaX+CPC+1T2022,2024-04-18T091420,0,1670,2024-02-11,0,0,0,112
1483,1596,course-v1:ColumbiaX+CPC+1T2022,2024-04-18T091420,0,1672,2024-02-12,0,0,0,113
1485,1598,course-v1:ColumbiaX+CPC+1T2022,2024-04-18T091420,0,1674,2024-02-13,0,0,0,113
1485,1598,course-v1:ColumbiaX+CPC+1T2022,2024-04-18T091420,0,1674,2024-02-14,0,0,0,113
1485,1599,course-v1:ColumbiaX+CPC+1T2022,2024-04-18T091420,0,1675,2024-02-15,0,0,0,114
1487,1601,course-v1:ColumbiaX+CPC+1T2022,2024-04-18T091420,0,1677,2024-02-16,0,0,0,114
1489,1603,course-v1:ColumbiaX+CPC+1T2022,2024-04-18T091420,0,1679,2024-02-17,0,0,0,114
1491,1605,course-v1:ColumbiaX+CPC+1T2022,2024-04-18T091420,0,1681,2024-02-18,0,0,0,114
1492,1606,course-v1:ColumbiaX+CPC+1T2022,2024-04-18T091420,0,1682,2024-02-19,0,0,0,114
1495,1609,course-v1:ColumbiaX+CPC+1T2022,2024-04-18T091420,0,1684,2024-02-20,0,0,0,114
1496,1610,course-v1:ColumbiaX+CPC+1T2022,2024-04-18T091420,0,1686,2024-02-21,0,0,0,114
1499,1613,course-v1:ColumbiaX+CPC+1T2022,2024-04-18T091420,0,1689,2024-02-22,0,0,0,114
1500,1614,course-v1:ColumbiaX+CPC+1T2022,2024-04-18T091420,0,1690,2024-02-23,0,0,0,114
1501,1615,course-v1:ColumbiaX+CPC+1T2022,2024-04-18T091420,0,1691,2024-02-24,0,0,0,114
1501,1615,course-v1:ColumbiaX+CPC+1T2022,2024-04-18T091420,0,1692,2024-02-25,0,0,0,114
1501,1615,course-v1:ColumbiaX+CPC+1T2022,2024-04-18T091420,0,1693,2024-02-26,0,0,0,114
1503,1617,course-v1:ColumbiaX+CPC+1T2022,2024-04-18T091420,0,1695,2024-02-27,0,0,0,114
1503,1618,course-v1:ColumbiaX+CPC+1T2022,2024-04-18T091420,0,1696,2024-02-28,0,0,0,115
1505,1621,course-v1:ColumbiaX+CPC+1T2022,2024-04-18T091420,0,1699,2024-02-29,0,0,0,116
1507,1623,course-v1:ColumbiaX+CPC+1T2022,2024-04-18T091420,0,1701,2024-03-01,0,0,0,116
1507,1623,course-v1:ColumbiaX+CPC+1T2022,2024-04-18T091420,0,1702,2024-03-02,0,0,0,116
1508,1624,course-v1:ColumbiaX+CPC+1T2022,2024-04-18T091420,0,1703,2024-03-03,0,0,0,116
1511,1627,course-v1:ColumbiaX+CPC+1T2022,2024-04-18T091420,0,1706,2024-03-04,0,0,0,116
1511,1628,course-v1:ColumbiaX+CPC+1T2022,2024-04-18T091420,0,1707,2024-03-05,0,0,0,117
1513,1630,course-v1:ColumbiaX+CPC+1T2022,2024-04-18T091420,0,1709,2024-03-06,0,0,0,117
1513,1630,course-v1:ColumbiaX+CPC+1T2022,2024-04-18T091420,0,1710,2024-03-07,0,0,0,117
1515,1632,course-v1:ColumbiaX+CPC+1T2022,2024-04-18T091420,0,1712,2024-03-08,0,0,0,117
1516,1633,course-v1:ColumbiaX+CPC+1T2022,2024-04-18T091420,0,1713,2024-03-09,0,0,0,117
1517,1634,course-v1:ColumbiaX+CPC+1T2022,2024-04-18T091420,0,1714,2024-03-10,0,0,0,117
1521,1638,course-v1:ColumbiaX+CPC+1T2022,2024-04-18T091420,0,1718,2024-03-11,0,0,0,117
1523,1640,course-v1:ColumbiaX+CPC+1T2022,2024-04-18T091420,0,1720,2024-03-12,0,0,0,117
1525,1642,course-v1:ColumbiaX+CPC+1T2022,2024-04-18T091420,0,1723,2024-03-13,0,0,0,117
1527,1644,course-v1:ColumbiaX+CPC+1T2022,2024-04-18T091420,0,1725,2024-03-14,0,0,0,117
1529,1646,course-v1:ColumbiaX+CPC+1T2022,2024-04-18T091420,0,1727,2024-03-15,0,0,0,117
1529,1646,course-v1:ColumbiaX+CPC+1T2022,2024-04-18T091420,0,1727,2024-03-16,0,0,0,117
1527,1644,course-v1:ColumbiaX+CPC+1T2022,2024-04-18T091420,0,1727,2024-03-17,0,0,0,117
1530,1647,course-v1:ColumbiaX+CPC+1T2022,2024-04-18T091420,0,1730,2024-03-18,0,0,0,117
1531,1648,course-v1:ColumbiaX+CPC+1T2022,2024-04-18T091420,0,1731,2024-03-19,0,0,0,117
1534,1651,course-v1:ColumbiaX+CPC+1T2022,2024-04-18T091420,0,1734,2024-03-20,0,0,0,117
1535,1653,course-v1:ColumbiaX+CPC+1T2022,2024-04-18T091420,0,1736,2024-03-21,0,0,0,118
1536,1654,course-v1:ColumbiaX+CPC+1T2022,2024-04-18T091420,0,1737,2024-03-22,0,0,0,118
1537,1655,course-v1:ColumbiaX+CPC+1T2022,2024-04-18T091420,0,1738,2024-03-23,0,0,0,118
1538,1656,course-v1:ColumbiaX+CPC+1T2022,2024-04-18T091420,0,1739,2024-03-24,0,0,0,118
1539,1657,course-v1:ColumbiaX+CPC+1T2022,2024-04-18T091420,0,1740,2024-03-25,0,0,0,118
1540,1658,course-v1:ColumbiaX+CPC+1T2022,2024-04-18T091420,0,1741,2024-03-26,0,0,0,118
1542,1661,course-v1:ColumbiaX+CPC+1T2022,2024-04-18T091420,0,1744,2024-03-27,0,0,0,119
1542,1661,course-v1:ColumbiaX+CPC+1T2022,2024-04-18T091420,0,1744,2024-03-28,0,0,0,119
1541,1661,course-v1:ColumbiaX+CPC+1T2022,2024-04-18T091420,0,1744,2024-03-29,0,0,0,120
1542,1662,course-v1:ColumbiaX+CPC+1T2022,2024-04-18T091420,0,1745,2024-03-30,0,0,0,120
1542,1662,course-v1:ColumbiaX+CPC+1T2022,2024-04-18T091420,0,1745,2024-03-31,0,0,0,120
1542,1662,course-v1:ColumbiaX+CPC+1T2022,2024-04-18T091420,0,1745,2024-04-01,0,0,0,120
1544,1664,course-v1:ColumbiaX+CPC+1T2022,2024-04-18T091420,0,1747,2024-04-02,0,0,0,120
1545,1665,course-v1:ColumbiaX+CPC+1T2022,2024-04-18T091420,0,1748,2024-04-03,0,0,0,120
1545,1665,course-v1:ColumbiaX+CPC+1T2022,2024-04-18T091420,0,1748,2024-04-04,0,0,0,120
1546,1667,course-v1:ColumbiaX+CPC+1T2022,2024-04-18T091420,0,1750,2024-04-05,0,0,0,121
1547,1668,course-v1:ColumbiaX+CPC+1T2022,2024-04-18T091420,0,1751,2024-04-06,0,0,0,121
1547,1668,course-v1:ColumbiaX+CPC+1T2022,2024-04-18T091420,0,1751,2024-04-07,0,0,0,121
1547,1668,course-v1:ColumbiaX+CPC+1T2022,2024-04-18T091420,0,1751,2024-04-08,0,0,0,121
1549,1670,course-v1:ColumbiaX+CPC+1T2022,2024-04-18T091420,0,1753,2024-04-09,0,0,0,121
1549,1670,course-v1:ColumbiaX+CPC+1T2022,2024-04-18T091420,0,1753,2024-04-10,0,0,0,121
1550,1671,course-v1:ColumbiaX+CPC+1T2022,2024-04-18T091420,0,1754,2024-04-11,0,0,0,121
1550,1672,course-v1:ColumbiaX+CPC+1T2022,2024-04-18T091420,0,1755,2024-04-12,0,0,0,122
1551,1673,course-v1:ColumbiaX+CPC+1T2022,2024-04-18T091420,0,1756,2024-04-13,0,0,0,122
1551,1673,course-v1:ColumbiaX+CPC+1T2022,2024-04-18T091420,0,1757,2024-04-14,0,0,0,122
1550,1672,course-v1:ColumbiaX+CPC+1T2022,2024-04-18T091420,0,1757,2024-04-15,0,0,0,122
1551,1673,course-v1:ColumbiaX+CPC+1T2022,2024-04-18T091420,0,1758,2024-04-16,0,0,0,122
1552,1674,course-v1:ColumbiaX+CPC+1T2022,2024-04-18T091420,0,1759,2024-04-17,0,0,0,122
